/*
 Navicat Premium Data Transfer

 Source Server         : Ramdhan MySQL
 Source Server Type    : MySQL
 Source Server Version : 50723
 Source Host           : ramdhanrizki.net:3306
 Source Schema         : db_saw_akademik

 Target Server Type    : MySQL
 Target Server Version : 50723
 File Encoding         : 65001

 Date: 05/08/2020 04:48:19
*/

SET NAMES utf8mb4;
SET FOREIGN_KEY_CHECKS = 0;

-- ----------------------------
-- Table structure for tbl_ajaran
-- ----------------------------
DROP TABLE IF EXISTS `tbl_ajaran`;
CREATE TABLE `tbl_ajaran`  (
  `id_ajaran` int(11) NOT NULL AUTO_INCREMENT,
  `tahun_ajaran` varchar(100) CHARACTER SET utf8mb4 COLLATE utf8mb4_general_ci NOT NULL,
  PRIMARY KEY (`id_ajaran`) USING BTREE
) ENGINE = InnoDB AUTO_INCREMENT = 5 CHARACTER SET = utf8mb4 COLLATE = utf8mb4_general_ci ROW_FORMAT = Dynamic;

-- ----------------------------
-- Records of tbl_ajaran
-- ----------------------------
INSERT INTO `tbl_ajaran` VALUES (1, '2019/2020 Ganjil');

-- ----------------------------
-- Table structure for tbl_alternatif
-- ----------------------------
DROP TABLE IF EXISTS `tbl_alternatif`;
CREATE TABLE `tbl_alternatif`  (
  `id_alternatif` varchar(3) CHARACTER SET latin1 COLLATE latin1_swedish_ci NOT NULL,
  `nisn` varchar(10) CHARACTER SET latin1 COLLATE latin1_swedish_ci NOT NULL,
  `nama_siswa` varchar(150) CHARACTER SET latin1 COLLATE latin1_swedish_ci NOT NULL,
  `jenis_kelamin` varchar(9) CHARACTER SET latin1 COLLATE latin1_swedish_ci NOT NULL,
  `tempat_lahir` varchar(50) CHARACTER SET latin1 COLLATE latin1_swedish_ci NOT NULL,
  `tanggal_lahir` varchar(10) CHARACTER SET latin1 COLLATE latin1_swedish_ci NOT NULL,
  `kelas` varchar(10) CHARACTER SET latin1 COLLATE latin1_swedish_ci NOT NULL,
  `tahun_pelajaran` varchar(20) CHARACTER SET latin1 COLLATE latin1_swedish_ci NOT NULL,
  `status` int(2) NOT NULL,
  `hasil_alternatif` float NOT NULL,
  `date_submit` timestamp(0) NOT NULL DEFAULT CURRENT_TIMESTAMP(0),
  PRIMARY KEY (`id_alternatif`) USING BTREE
) ENGINE = InnoDB CHARACTER SET = latin1 COLLATE = latin1_swedish_ci ROW_FORMAT = Dynamic;

-- ----------------------------
-- Records of tbl_alternatif
-- ----------------------------
INSERT INTO `tbl_alternatif` VALUES ('A1', '000000000', 'siswa satu', 'L', 'Palembang', '2020/05/01', 'XI IPA 1', '2019/2020 Semester 1', 0, 0.82, '2020-05-11 07:28:44');
INSERT INTO `tbl_alternatif` VALUES ('A2', '1111111111', 'siswa dua', 'L', 'Palembang', '2020/05/04', 'XI IPA 1', '2019/2020 Semester 1', 1, 0.9, '2020-05-11 07:34:10');
INSERT INTO `tbl_alternatif` VALUES ('A3', '2222222222', 'siswa tiga', 'L', 'Palembang', '2020/05/12', 'XI IPA 1', '2019/2020 Semester 1', 1, 0.97, '2020-05-11 07:36:03');
INSERT INTO `tbl_alternatif` VALUES ('A4', '3333333333', 'siswa empat', 'L', 'Palembang', '2020/05/11', 'XI IPA 1', '2019/2020 Semester 1', 0, 0.74, '2020-05-11 07:36:42');
INSERT INTO `tbl_alternatif` VALUES ('A5', '4444444444', 'siswa lima', 'L', 'Palembang', '2020/05/13', 'XI IPA 1', '2019/2020 Semester 1', 1, 0.92, '2020-05-11 07:37:31');
INSERT INTO `tbl_alternatif` VALUES ('A6', '5555555555', 'siswa enam', 'L', 'Palembang', '2020/05/05', 'XI IPA 1', '2019/2020 Semester 1', 1, 0.94, '2020-05-11 07:38:44');
INSERT INTO `tbl_alternatif` VALUES ('A7', '6666666666', 'siswa tujuh', 'L', 'Palembang', '2020/05/11', 'XI IPA 1', '2019/2020 Semester 1', 0, 0.716667, '2020-05-11 07:39:26');

-- ----------------------------
-- Table structure for tbl_anggota_kelas
-- ----------------------------
DROP TABLE IF EXISTS `tbl_anggota_kelas`;
CREATE TABLE `tbl_anggota_kelas`  (
  `id_anggota` int(11) NOT NULL AUTO_INCREMENT,
  `id_kelas` int(11) NOT NULL,
  `id_siswa` int(11) NOT NULL,
  `id_ajaran` int(11) NULL DEFAULT NULL,
  PRIMARY KEY (`id_anggota`) USING BTREE
) ENGINE = InnoDB AUTO_INCREMENT = 142 CHARACTER SET = utf8mb4 COLLATE = utf8mb4_general_ci ROW_FORMAT = Dynamic;

-- ----------------------------
-- Records of tbl_anggota_kelas
-- ----------------------------
INSERT INTO `tbl_anggota_kelas` VALUES (1, 1, 1, 1);
INSERT INTO `tbl_anggota_kelas` VALUES (2, 1, 2, 1);
INSERT INTO `tbl_anggota_kelas` VALUES (3, 1, 3, 1);
INSERT INTO `tbl_anggota_kelas` VALUES (4, 1, 4, 1);
INSERT INTO `tbl_anggota_kelas` VALUES (5, 1, 5, 1);
INSERT INTO `tbl_anggota_kelas` VALUES (6, 1, 6, 1);
INSERT INTO `tbl_anggota_kelas` VALUES (7, 1, 7, 1);
INSERT INTO `tbl_anggota_kelas` VALUES (8, 1, 8, 1);
INSERT INTO `tbl_anggota_kelas` VALUES (9, 1, 9, 1);
INSERT INTO `tbl_anggota_kelas` VALUES (10, 1, 10, 1);
INSERT INTO `tbl_anggota_kelas` VALUES (11, 1, 11, 1);
INSERT INTO `tbl_anggota_kelas` VALUES (12, 1, 12, 1);
INSERT INTO `tbl_anggota_kelas` VALUES (13, 1, 13, 1);
INSERT INTO `tbl_anggota_kelas` VALUES (14, 1, 14, 1);
INSERT INTO `tbl_anggota_kelas` VALUES (15, 1, 15, 1);
INSERT INTO `tbl_anggota_kelas` VALUES (16, 1, 16, 1);
INSERT INTO `tbl_anggota_kelas` VALUES (17, 1, 17, 1);
INSERT INTO `tbl_anggota_kelas` VALUES (18, 1, 18, 1);
INSERT INTO `tbl_anggota_kelas` VALUES (19, 1, 19, 1);
INSERT INTO `tbl_anggota_kelas` VALUES (20, 1, 20, 1);
INSERT INTO `tbl_anggota_kelas` VALUES (21, 1, 21, 1);
INSERT INTO `tbl_anggota_kelas` VALUES (22, 1, 22, 1);
INSERT INTO `tbl_anggota_kelas` VALUES (23, 1, 23, 1);
INSERT INTO `tbl_anggota_kelas` VALUES (24, 1, 24, 1);
INSERT INTO `tbl_anggota_kelas` VALUES (25, 1, 25, 1);
INSERT INTO `tbl_anggota_kelas` VALUES (26, 1, 26, 1);
INSERT INTO `tbl_anggota_kelas` VALUES (27, 1, 27, 1);
INSERT INTO `tbl_anggota_kelas` VALUES (28, 1, 28, 1);
INSERT INTO `tbl_anggota_kelas` VALUES (29, 1, 29, 1);
INSERT INTO `tbl_anggota_kelas` VALUES (30, 1, 30, 1);
INSERT INTO `tbl_anggota_kelas` VALUES (31, 1, 31, 1);
INSERT INTO `tbl_anggota_kelas` VALUES (32, 1, 32, 1);
INSERT INTO `tbl_anggota_kelas` VALUES (33, 1, 33, 1);
INSERT INTO `tbl_anggota_kelas` VALUES (34, 1, 34, 1);
INSERT INTO `tbl_anggota_kelas` VALUES (35, 1, 35, 1);
INSERT INTO `tbl_anggota_kelas` VALUES (36, 2, 36, 1);
INSERT INTO `tbl_anggota_kelas` VALUES (37, 2, 37, 1);
INSERT INTO `tbl_anggota_kelas` VALUES (38, 2, 38, 1);
INSERT INTO `tbl_anggota_kelas` VALUES (39, 2, 39, 1);
INSERT INTO `tbl_anggota_kelas` VALUES (40, 2, 40, 1);
INSERT INTO `tbl_anggota_kelas` VALUES (41, 2, 41, 1);
INSERT INTO `tbl_anggota_kelas` VALUES (42, 2, 42, 1);
INSERT INTO `tbl_anggota_kelas` VALUES (43, 2, 43, 1);
INSERT INTO `tbl_anggota_kelas` VALUES (44, 2, 44, 1);
INSERT INTO `tbl_anggota_kelas` VALUES (45, 2, 45, 1);
INSERT INTO `tbl_anggota_kelas` VALUES (46, 2, 46, 1);
INSERT INTO `tbl_anggota_kelas` VALUES (47, 2, 47, 1);
INSERT INTO `tbl_anggota_kelas` VALUES (48, 2, 48, 1);
INSERT INTO `tbl_anggota_kelas` VALUES (49, 2, 49, 1);
INSERT INTO `tbl_anggota_kelas` VALUES (50, 2, 50, 1);
INSERT INTO `tbl_anggota_kelas` VALUES (51, 2, 51, 1);
INSERT INTO `tbl_anggota_kelas` VALUES (52, 2, 52, 1);
INSERT INTO `tbl_anggota_kelas` VALUES (53, 2, 53, 1);
INSERT INTO `tbl_anggota_kelas` VALUES (54, 2, 54, 1);
INSERT INTO `tbl_anggota_kelas` VALUES (55, 2, 55, 1);
INSERT INTO `tbl_anggota_kelas` VALUES (56, 2, 56, 1);
INSERT INTO `tbl_anggota_kelas` VALUES (57, 2, 57, 1);
INSERT INTO `tbl_anggota_kelas` VALUES (58, 2, 58, 1);
INSERT INTO `tbl_anggota_kelas` VALUES (59, 2, 59, 1);
INSERT INTO `tbl_anggota_kelas` VALUES (60, 2, 60, 1);
INSERT INTO `tbl_anggota_kelas` VALUES (61, 2, 61, 1);
INSERT INTO `tbl_anggota_kelas` VALUES (62, 2, 62, 1);
INSERT INTO `tbl_anggota_kelas` VALUES (63, 2, 63, 1);
INSERT INTO `tbl_anggota_kelas` VALUES (64, 2, 64, 1);
INSERT INTO `tbl_anggota_kelas` VALUES (65, 2, 65, 1);
INSERT INTO `tbl_anggota_kelas` VALUES (66, 2, 66, 1);
INSERT INTO `tbl_anggota_kelas` VALUES (67, 2, 67, 1);
INSERT INTO `tbl_anggota_kelas` VALUES (68, 2, 68, 1);
INSERT INTO `tbl_anggota_kelas` VALUES (69, 3, 69, 1);
INSERT INTO `tbl_anggota_kelas` VALUES (70, 3, 70, 1);
INSERT INTO `tbl_anggota_kelas` VALUES (71, 3, 71, 1);
INSERT INTO `tbl_anggota_kelas` VALUES (72, 3, 72, 1);
INSERT INTO `tbl_anggota_kelas` VALUES (73, 3, 73, 1);
INSERT INTO `tbl_anggota_kelas` VALUES (74, 3, 74, 1);
INSERT INTO `tbl_anggota_kelas` VALUES (75, 3, 75, 1);
INSERT INTO `tbl_anggota_kelas` VALUES (76, 3, 76, 1);
INSERT INTO `tbl_anggota_kelas` VALUES (77, 3, 77, 1);
INSERT INTO `tbl_anggota_kelas` VALUES (78, 3, 78, 1);
INSERT INTO `tbl_anggota_kelas` VALUES (79, 3, 79, 1);
INSERT INTO `tbl_anggota_kelas` VALUES (80, 3, 80, 1);
INSERT INTO `tbl_anggota_kelas` VALUES (81, 3, 81, 1);
INSERT INTO `tbl_anggota_kelas` VALUES (82, 3, 82, 1);
INSERT INTO `tbl_anggota_kelas` VALUES (83, 3, 83, 1);
INSERT INTO `tbl_anggota_kelas` VALUES (84, 3, 84, 1);
INSERT INTO `tbl_anggota_kelas` VALUES (85, 3, 85, 1);
INSERT INTO `tbl_anggota_kelas` VALUES (86, 3, 86, 1);
INSERT INTO `tbl_anggota_kelas` VALUES (87, 3, 87, 1);
INSERT INTO `tbl_anggota_kelas` VALUES (88, 3, 88, 1);
INSERT INTO `tbl_anggota_kelas` VALUES (89, 3, 89, 1);
INSERT INTO `tbl_anggota_kelas` VALUES (90, 3, 90, 1);
INSERT INTO `tbl_anggota_kelas` VALUES (91, 3, 91, 1);
INSERT INTO `tbl_anggota_kelas` VALUES (92, 3, 92, 1);
INSERT INTO `tbl_anggota_kelas` VALUES (93, 3, 93, 1);
INSERT INTO `tbl_anggota_kelas` VALUES (94, 3, 94, 1);
INSERT INTO `tbl_anggota_kelas` VALUES (95, 3, 95, 1);
INSERT INTO `tbl_anggota_kelas` VALUES (96, 3, 96, 1);
INSERT INTO `tbl_anggota_kelas` VALUES (97, 3, 97, 1);
INSERT INTO `tbl_anggota_kelas` VALUES (98, 3, 98, 1);
INSERT INTO `tbl_anggota_kelas` VALUES (99, 3, 99, 1);
INSERT INTO `tbl_anggota_kelas` VALUES (100, 3, 100, 1);
INSERT INTO `tbl_anggota_kelas` VALUES (101, 3, 101, 1);
INSERT INTO `tbl_anggota_kelas` VALUES (102, 3, 102, 1);
INSERT INTO `tbl_anggota_kelas` VALUES (103, 3, 103, 1);
INSERT INTO `tbl_anggota_kelas` VALUES (104, 3, 104, 1);
INSERT INTO `tbl_anggota_kelas` VALUES (105, 3, 105, 1);
INSERT INTO `tbl_anggota_kelas` VALUES (106, 3, 106, 1);
INSERT INTO `tbl_anggota_kelas` VALUES (107, 4, 107, 1);
INSERT INTO `tbl_anggota_kelas` VALUES (108, 4, 108, 1);
INSERT INTO `tbl_anggota_kelas` VALUES (109, 4, 109, 1);
INSERT INTO `tbl_anggota_kelas` VALUES (110, 4, 110, 1);
INSERT INTO `tbl_anggota_kelas` VALUES (111, 4, 111, 1);
INSERT INTO `tbl_anggota_kelas` VALUES (112, 4, 112, 1);
INSERT INTO `tbl_anggota_kelas` VALUES (113, 4, 113, 1);
INSERT INTO `tbl_anggota_kelas` VALUES (114, 4, 114, 1);
INSERT INTO `tbl_anggota_kelas` VALUES (115, 4, 115, 1);
INSERT INTO `tbl_anggota_kelas` VALUES (116, 4, 116, 1);
INSERT INTO `tbl_anggota_kelas` VALUES (117, 4, 117, 1);
INSERT INTO `tbl_anggota_kelas` VALUES (118, 4, 118, 1);
INSERT INTO `tbl_anggota_kelas` VALUES (119, 4, 119, 1);
INSERT INTO `tbl_anggota_kelas` VALUES (120, 4, 120, 1);
INSERT INTO `tbl_anggota_kelas` VALUES (121, 4, 121, 1);
INSERT INTO `tbl_anggota_kelas` VALUES (122, 4, 122, 1);
INSERT INTO `tbl_anggota_kelas` VALUES (123, 4, 123, 1);
INSERT INTO `tbl_anggota_kelas` VALUES (124, 4, 124, 1);
INSERT INTO `tbl_anggota_kelas` VALUES (125, 4, 125, 1);
INSERT INTO `tbl_anggota_kelas` VALUES (126, 4, 126, 1);
INSERT INTO `tbl_anggota_kelas` VALUES (127, 4, 127, 1);
INSERT INTO `tbl_anggota_kelas` VALUES (128, 4, 128, 1);
INSERT INTO `tbl_anggota_kelas` VALUES (129, 4, 129, 1);
INSERT INTO `tbl_anggota_kelas` VALUES (130, 4, 130, 1);
INSERT INTO `tbl_anggota_kelas` VALUES (131, 4, 131, 1);
INSERT INTO `tbl_anggota_kelas` VALUES (132, 4, 132, 1);
INSERT INTO `tbl_anggota_kelas` VALUES (133, 4, 133, 1);
INSERT INTO `tbl_anggota_kelas` VALUES (134, 4, 134, 1);
INSERT INTO `tbl_anggota_kelas` VALUES (135, 4, 135, 1);
INSERT INTO `tbl_anggota_kelas` VALUES (136, 4, 136, 1);
INSERT INTO `tbl_anggota_kelas` VALUES (137, 4, 137, 1);
INSERT INTO `tbl_anggota_kelas` VALUES (138, 4, 138, 1);
INSERT INTO `tbl_anggota_kelas` VALUES (139, 4, 139, 1);
INSERT INTO `tbl_anggota_kelas` VALUES (140, 4, 140, 1);
INSERT INTO `tbl_anggota_kelas` VALUES (141, 4, 141, 1);

-- ----------------------------
-- Table structure for tbl_hasil
-- ----------------------------
DROP TABLE IF EXISTS `tbl_hasil`;
CREATE TABLE `tbl_hasil`  (
  `id` int(11) NOT NULL AUTO_INCREMENT,
  `id_siswa` int(11) NOT NULL,
  `id_ajaran` int(11) NOT NULL,
  `rata_rata` float NOT NULL,
  `kepribadian` varchar(100) CHARACTER SET utf8mb4 COLLATE utf8mb4_general_ci NOT NULL,
  `kehadiran` varchar(100) CHARACTER SET utf8mb4 COLLATE utf8mb4_general_ci NOT NULL,
  `nilai` float NOT NULL,
  `jurusan` varchar(100) CHARACTER SET utf8mb4 COLLATE utf8mb4_general_ci NOT NULL,
  `created_at` timestamp(0) NOT NULL DEFAULT CURRENT_TIMESTAMP(0),
  PRIMARY KEY (`id`) USING BTREE
) ENGINE = InnoDB AUTO_INCREMENT = 1155 CHARACTER SET = utf8mb4 COLLATE = utf8mb4_general_ci ROW_FORMAT = Dynamic;

-- ----------------------------
-- Records of tbl_hasil
-- ----------------------------
INSERT INTO `tbl_hasil` VALUES (1015, 120, 1, 84, 'B', '86%-100%', 0.708333, 'IPS', '2020-08-04 16:08:46');
INSERT INTO `tbl_hasil` VALUES (1016, 129, 1, 86, 'B', '86%-100%', 0.825, 'IPS', '2020-08-04 16:08:46');
INSERT INTO `tbl_hasil` VALUES (1017, 135, 1, 84, 'B', '86%-100%', 0.708333, 'IPS', '2020-08-04 16:08:46');
INSERT INTO `tbl_hasil` VALUES (1018, 141, 1, 80, 'B', '86%-100%', 0.708333, 'IPS', '2020-08-04 16:08:46');
INSERT INTO `tbl_hasil` VALUES (1019, 76, 1, 88, 'A', '86%-100%', 0.925, 'IPS', '2020-08-04 16:08:46');
INSERT INTO `tbl_hasil` VALUES (1020, 79, 1, 85, 'B', '86%-100%', 0.708333, 'IPS', '2020-08-04 16:08:46');
INSERT INTO `tbl_hasil` VALUES (1021, 84, 1, 84, 'B', '86%-100%', 0.708333, 'IPS', '2020-08-04 16:08:46');
INSERT INTO `tbl_hasil` VALUES (1022, 103, 1, 83, 'B', '86%-100%', 0.708333, 'IPS', '2020-08-04 16:08:46');
INSERT INTO `tbl_hasil` VALUES (1087, 1, 1, 81, 'B', '56%-70%', 0.708333, 'IPA', '2020-08-04 20:59:48');
INSERT INTO `tbl_hasil` VALUES (1088, 2, 1, 89, 'A', '86%-100%', 0.925, 'IPA', '2020-08-04 20:59:49');
INSERT INTO `tbl_hasil` VALUES (1089, 3, 1, 85, 'B', '86%-100%', 0.708333, 'IPA', '2020-08-04 20:59:49');
INSERT INTO `tbl_hasil` VALUES (1090, 4, 1, 83, 'B', '86%-100%', 0.708333, 'IPA', '2020-08-04 20:59:49');
INSERT INTO `tbl_hasil` VALUES (1091, 5, 1, 84, 'B', '86%-100%', 0.708333, 'IPA', '2020-08-04 20:59:50');
INSERT INTO `tbl_hasil` VALUES (1092, 6, 1, 85, 'B', '86%-100%', 0.708333, 'IPA', '2020-08-04 20:59:50');
INSERT INTO `tbl_hasil` VALUES (1093, 7, 1, 86, 'A', '86%-100%', 0.925, 'IPA', '2020-08-04 20:59:51');
INSERT INTO `tbl_hasil` VALUES (1094, 8, 1, 84, 'B', '86%-100%', 0.708333, 'IPA', '2020-08-04 20:59:51');
INSERT INTO `tbl_hasil` VALUES (1095, 9, 1, 82, 'B', '86%-100%', 0.708333, 'IPA', '2020-08-04 20:59:52');
INSERT INTO `tbl_hasil` VALUES (1096, 10, 1, 84, 'A', '86%-100%', 0.808333, 'IPA', '2020-08-04 20:59:52');
INSERT INTO `tbl_hasil` VALUES (1097, 11, 1, 81, 'B', '71%-85%', 0.708333, 'IPA', '2020-08-04 20:59:52');
INSERT INTO `tbl_hasil` VALUES (1098, 12, 1, 85, 'B', '86%-100%', 0.708333, 'IPA', '2020-08-04 20:59:53');
INSERT INTO `tbl_hasil` VALUES (1099, 13, 1, 87, 'A', '86%-100%', 0.925, 'IPA', '2020-08-04 20:59:53');
INSERT INTO `tbl_hasil` VALUES (1100, 14, 1, 85, 'B', '86%-100%', 0.708333, 'IPA', '2020-08-04 20:59:54');
INSERT INTO `tbl_hasil` VALUES (1101, 15, 1, 86, 'B', '86%-100%', 0.825, 'IPA', '2020-08-04 20:59:54');
INSERT INTO `tbl_hasil` VALUES (1102, 16, 1, 84, 'B', '86%-100%', 0.708333, 'IPA', '2020-08-04 20:59:54');
INSERT INTO `tbl_hasil` VALUES (1103, 17, 1, 86, 'B', '86%-100%', 0.825, 'IPA', '2020-08-04 20:59:55');
INSERT INTO `tbl_hasil` VALUES (1104, 18, 1, 82, 'B', '86%-100%', 0.708333, 'IPA', '2020-08-04 20:59:55');
INSERT INTO `tbl_hasil` VALUES (1105, 19, 1, 83, 'B', '86%-100%', 0.708333, 'IPA', '2020-08-04 20:59:56');
INSERT INTO `tbl_hasil` VALUES (1106, 20, 1, 84, 'B', '86%-100%', 0.708333, 'IPA', '2020-08-04 20:59:56');
INSERT INTO `tbl_hasil` VALUES (1107, 21, 1, 84, 'B', '86%-100%', 0.708333, 'IPA', '2020-08-04 20:59:57');
INSERT INTO `tbl_hasil` VALUES (1108, 22, 1, 83, 'B', '86%-100%', 0.708333, 'IPA', '2020-08-04 20:59:57');
INSERT INTO `tbl_hasil` VALUES (1109, 23, 1, 85, 'B', '86%-100%', 0.708333, 'IPA', '2020-08-04 20:59:58');
INSERT INTO `tbl_hasil` VALUES (1110, 24, 1, 88, 'B', '86%-100%', 0.825, 'IPA', '2020-08-04 20:59:58');
INSERT INTO `tbl_hasil` VALUES (1111, 25, 1, 88, 'A', '86%-100%', 0.925, 'IPA', '2020-08-04 20:59:59');
INSERT INTO `tbl_hasil` VALUES (1112, 26, 1, 86, 'B', '86%-100%', 0.825, 'IPA', '2020-08-04 20:59:59');
INSERT INTO `tbl_hasil` VALUES (1113, 27, 1, 85, 'B', '86%-100%', 0.708333, 'IPA', '2020-08-04 21:00:00');
INSERT INTO `tbl_hasil` VALUES (1114, 28, 1, 79, 'B', '71%-85%', 0.708333, 'IPA', '2020-08-04 21:00:00');
INSERT INTO `tbl_hasil` VALUES (1115, 29, 1, 86, 'B', '86%-100%', 0.825, 'IPA', '2020-08-04 21:00:00');
INSERT INTO `tbl_hasil` VALUES (1116, 30, 1, 82, 'B', '86%-100%', 0.708333, 'IPA', '2020-08-04 21:00:01');
INSERT INTO `tbl_hasil` VALUES (1117, 31, 1, 83, 'B', '86%-100%', 0.708333, 'IPA', '2020-08-04 21:00:01');
INSERT INTO `tbl_hasil` VALUES (1118, 32, 1, 87, 'B', '86%-100%', 0.825, 'IPA', '2020-08-04 21:00:02');
INSERT INTO `tbl_hasil` VALUES (1119, 33, 1, 85, 'B', '86%-100%', 0.708333, 'IPA', '2020-08-04 21:00:02');
INSERT INTO `tbl_hasil` VALUES (1120, 34, 1, 83, 'B', '86%-100%', 0.708333, 'IPA', '2020-08-04 21:00:02');
INSERT INTO `tbl_hasil` VALUES (1121, 35, 1, 75, 'B', '71%-85%', 0.708333, 'IPA', '2020-08-04 21:00:03');
INSERT INTO `tbl_hasil` VALUES (1122, 36, 1, 86, 'B', '86%-100%', 0.825, 'IPA', '2020-08-04 21:00:03');
INSERT INTO `tbl_hasil` VALUES (1123, 37, 1, 83, 'B', '86%-100%', 0.708333, 'IPA', '2020-08-04 21:00:04');
INSERT INTO `tbl_hasil` VALUES (1124, 38, 1, 81, 'B', '71%-85%', 0.708333, 'IPA', '2020-08-04 21:00:04');
INSERT INTO `tbl_hasil` VALUES (1125, 39, 1, 85, 'B', '86%-100%', 0.708333, 'IPA', '2020-08-04 21:00:05');
INSERT INTO `tbl_hasil` VALUES (1126, 40, 1, 84, 'B', '86%-100%', 0.708333, 'IPA', '2020-08-04 21:00:05');
INSERT INTO `tbl_hasil` VALUES (1127, 41, 1, 86, 'A', '86%-100%', 0.925, 'IPA', '2020-08-04 21:00:05');
INSERT INTO `tbl_hasil` VALUES (1128, 42, 1, 84, 'B', '86%-100%', 0.708333, 'IPA', '2020-08-04 21:00:06');
INSERT INTO `tbl_hasil` VALUES (1129, 43, 1, 85, 'B', '86%-100%', 0.708333, 'IPA', '2020-08-04 21:00:06');
INSERT INTO `tbl_hasil` VALUES (1130, 44, 1, 84, 'B', '86%-100%', 0.708333, 'IPA', '2020-08-04 21:00:07');
INSERT INTO `tbl_hasil` VALUES (1131, 45, 1, 86, 'B', '86%-100%', 0.825, 'IPA', '2020-08-04 21:00:07');
INSERT INTO `tbl_hasil` VALUES (1132, 46, 1, 84, 'B', '86%-100%', 0.708333, 'IPA', '2020-08-04 21:00:07');
INSERT INTO `tbl_hasil` VALUES (1133, 47, 1, 87, 'A', '86%-100%', 0.925, 'IPA', '2020-08-04 21:00:08');
INSERT INTO `tbl_hasil` VALUES (1134, 48, 1, 85, 'A', '86%-100%', 0.808333, 'IPA', '2020-08-04 21:00:08');
INSERT INTO `tbl_hasil` VALUES (1135, 49, 1, 85, 'B', '86%-100%', 0.708333, 'IPA', '2020-08-04 21:00:09');
INSERT INTO `tbl_hasil` VALUES (1136, 50, 1, 85, 'B', '86%-100%', 0.708333, 'IPA', '2020-08-04 21:00:09');
INSERT INTO `tbl_hasil` VALUES (1137, 51, 1, 81, 'B', '71%-85%', 0.708333, 'IPA', '2020-08-04 21:00:10');
INSERT INTO `tbl_hasil` VALUES (1138, 52, 1, 84, 'B', '86%-100%', 0.708333, 'IPA', '2020-08-04 21:00:10');
INSERT INTO `tbl_hasil` VALUES (1139, 53, 1, 83, 'B', '86%-100%', 0.708333, 'IPA', '2020-08-04 21:00:10');
INSERT INTO `tbl_hasil` VALUES (1140, 54, 1, 84, 'B', '86%-100%', 0.708333, 'IPA', '2020-08-04 21:00:11');
INSERT INTO `tbl_hasil` VALUES (1141, 55, 1, 83, 'B', '86%-100%', 0.708333, 'IPA', '2020-08-04 21:00:11');
INSERT INTO `tbl_hasil` VALUES (1142, 56, 1, 86, 'B', '86%-100%', 0.825, 'IPA', '2020-08-04 21:00:11');
INSERT INTO `tbl_hasil` VALUES (1143, 57, 1, 85, 'B', '86%-100%', 0.708333, 'IPA', '2020-08-04 21:00:12');
INSERT INTO `tbl_hasil` VALUES (1144, 58, 1, 86, 'B', '86%-100%', 0.825, 'IPA', '2020-08-04 21:00:12');
INSERT INTO `tbl_hasil` VALUES (1145, 59, 1, 84, 'B', '86%-100%', 0.708333, 'IPA', '2020-08-04 21:00:13');
INSERT INTO `tbl_hasil` VALUES (1146, 60, 1, 84, 'B', '86%-100%', 0.708333, 'IPA', '2020-08-04 21:00:13');
INSERT INTO `tbl_hasil` VALUES (1147, 61, 1, 85, 'B', '86%-100%', 0.708333, 'IPA', '2020-08-04 21:00:13');
INSERT INTO `tbl_hasil` VALUES (1148, 62, 1, 84, 'B', '86%-100%', 0.708333, 'IPA', '2020-08-04 21:00:14');
INSERT INTO `tbl_hasil` VALUES (1149, 63, 1, 82, 'B', '86%-100%', 0.708333, 'IPA', '2020-08-04 21:00:14');
INSERT INTO `tbl_hasil` VALUES (1150, 64, 1, 85, 'B', '86%-100%', 0.708333, 'IPA', '2020-08-04 21:00:15');
INSERT INTO `tbl_hasil` VALUES (1151, 65, 1, 84, 'B', '86%-100%', 0.708333, 'IPA', '2020-08-04 21:00:15');
INSERT INTO `tbl_hasil` VALUES (1152, 66, 1, 86, 'A', '86%-100%', 0.925, 'IPA', '2020-08-04 21:00:16');
INSERT INTO `tbl_hasil` VALUES (1153, 67, 1, 86, 'B', '86%-100%', 0.825, 'IPA', '2020-08-04 21:00:16');
INSERT INTO `tbl_hasil` VALUES (1154, 68, 1, 79, 'B', '86%-100%', 0.708333, 'IPA', '2020-08-04 21:00:17');

-- ----------------------------
-- Table structure for tbl_kehadiran
-- ----------------------------
DROP TABLE IF EXISTS `tbl_kehadiran`;
CREATE TABLE `tbl_kehadiran`  (
  `id_kehadiran` int(11) NOT NULL AUTO_INCREMENT,
  `id_siswa` int(11) NOT NULL,
  `id_ajaran` int(11) NOT NULL,
  `jml_sakit` int(11) NOT NULL,
  `jml_izin` int(11) NOT NULL,
  `jml_alpha` int(11) NOT NULL,
  `jml_hadir` int(11) NOT NULL,
  `jml_pertemuan` int(11) NULL DEFAULT NULL,
  `persentase` int(11) NULL DEFAULT NULL,
  `jml_tidak_hadir` int(11) NULL DEFAULT NULL,
  PRIMARY KEY (`id_kehadiran`) USING BTREE
) ENGINE = InnoDB AUTO_INCREMENT = 142 CHARACTER SET = utf8mb4 COLLATE = utf8mb4_general_ci ROW_FORMAT = Dynamic;

-- ----------------------------
-- Records of tbl_kehadiran
-- ----------------------------
INSERT INTO `tbl_kehadiran` VALUES (1, 1, 1, 4, 1, 17, 83, 105, 79, 22);
INSERT INTO `tbl_kehadiran` VALUES (2, 2, 1, 1, 2, 2, 100, 105, 95, 5);
INSERT INTO `tbl_kehadiran` VALUES (3, 3, 1, 0, 1, 0, 104, 105, 99, 1);
INSERT INTO `tbl_kehadiran` VALUES (4, 4, 1, 0, 1, 0, 104, 105, 99, 1);
INSERT INTO `tbl_kehadiran` VALUES (5, 5, 1, 3, 2, 2, 98, 105, 93, 7);
INSERT INTO `tbl_kehadiran` VALUES (6, 6, 1, 1, 0, 1, 103, 105, 98, 2);
INSERT INTO `tbl_kehadiran` VALUES (7, 7, 1, 1, 0, 1, 103, 105, 98, 2);
INSERT INTO `tbl_kehadiran` VALUES (8, 8, 1, 1, 0, 2, 102, 105, 97, 3);
INSERT INTO `tbl_kehadiran` VALUES (9, 9, 1, 3, 1, 4, 97, 105, 92, 8);
INSERT INTO `tbl_kehadiran` VALUES (10, 10, 1, 5, 1, 3, 96, 105, 91, 9);
INSERT INTO `tbl_kehadiran` VALUES (11, 11, 1, 2, 3, 7, 93, 105, 88, 12);
INSERT INTO `tbl_kehadiran` VALUES (12, 12, 1, 0, 1, 0, 104, 105, 99, 1);
INSERT INTO `tbl_kehadiran` VALUES (13, 13, 1, 1, 1, 0, 103, 105, 98, 2);
INSERT INTO `tbl_kehadiran` VALUES (14, 14, 1, 0, 0, 0, 105, 105, 100, 0);
INSERT INTO `tbl_kehadiran` VALUES (15, 15, 1, 2, 1, 1, 101, 105, 96, 4);
INSERT INTO `tbl_kehadiran` VALUES (16, 16, 1, 0, 2, 1, 102, 105, 97, 3);
INSERT INTO `tbl_kehadiran` VALUES (17, 17, 1, 3, 0, 1, 101, 105, 96, 4);
INSERT INTO `tbl_kehadiran` VALUES (18, 18, 1, 3, 0, 1, 101, 105, 96, 4);
INSERT INTO `tbl_kehadiran` VALUES (19, 19, 1, 1, 1, 0, 103, 105, 98, 2);
INSERT INTO `tbl_kehadiran` VALUES (20, 20, 1, 2, 0, 2, 101, 105, 96, 4);
INSERT INTO `tbl_kehadiran` VALUES (21, 21, 1, 0, 0, 0, 105, 105, 100, 0);
INSERT INTO `tbl_kehadiran` VALUES (22, 22, 1, 1, 0, 0, 104, 105, 99, 1);
INSERT INTO `tbl_kehadiran` VALUES (23, 23, 1, 0, 0, 0, 105, 105, 100, 0);
INSERT INTO `tbl_kehadiran` VALUES (24, 24, 1, 1, 0, 0, 104, 105, 99, 1);
INSERT INTO `tbl_kehadiran` VALUES (25, 25, 1, 0, 0, 0, 105, 105, 100, 0);
INSERT INTO `tbl_kehadiran` VALUES (26, 26, 1, 5, 2, 1, 97, 105, 92, 8);
INSERT INTO `tbl_kehadiran` VALUES (27, 27, 1, 0, 0, 0, 105, 105, 100, 0);
INSERT INTO `tbl_kehadiran` VALUES (28, 28, 1, 9, 1, 5, 90, 105, 85, 15);
INSERT INTO `tbl_kehadiran` VALUES (29, 29, 1, 1, 0, 1, 103, 105, 98, 2);
INSERT INTO `tbl_kehadiran` VALUES (30, 30, 1, 1, 0, 4, 100, 105, 95, 5);
INSERT INTO `tbl_kehadiran` VALUES (31, 31, 1, 0, 0, 2, 103, 105, 98, 2);
INSERT INTO `tbl_kehadiran` VALUES (32, 32, 1, 0, 0, 0, 105, 105, 100, 0);
INSERT INTO `tbl_kehadiran` VALUES (33, 33, 1, 1, 0, 2, 102, 105, 97, 3);
INSERT INTO `tbl_kehadiran` VALUES (34, 34, 1, 1, 0, 0, 104, 105, 99, 1);
INSERT INTO `tbl_kehadiran` VALUES (35, 35, 1, 1, 0, 17, 87, 105, 82, 18);
INSERT INTO `tbl_kehadiran` VALUES (36, 36, 1, 0, 0, 0, 105, 105, 100, 0);
INSERT INTO `tbl_kehadiran` VALUES (37, 37, 1, 3, 0, 1, 101, 105, 96, 4);
INSERT INTO `tbl_kehadiran` VALUES (38, 38, 1, 6, 6, 4, 89, 105, 85, 16);
INSERT INTO `tbl_kehadiran` VALUES (39, 39, 1, 1, 0, 0, 104, 105, 99, 1);
INSERT INTO `tbl_kehadiran` VALUES (40, 40, 1, 1, 0, 0, 104, 105, 99, 1);
INSERT INTO `tbl_kehadiran` VALUES (41, 41, 1, 0, 0, 0, 105, 105, 100, 0);
INSERT INTO `tbl_kehadiran` VALUES (42, 42, 1, 0, 2, 2, 101, 105, 96, 4);
INSERT INTO `tbl_kehadiran` VALUES (43, 43, 1, 0, 0, 0, 105, 105, 100, 0);
INSERT INTO `tbl_kehadiran` VALUES (44, 44, 1, 0, 0, 0, 105, 105, 100, 0);
INSERT INTO `tbl_kehadiran` VALUES (45, 45, 1, 1, 0, 1, 103, 105, 98, 2);
INSERT INTO `tbl_kehadiran` VALUES (46, 46, 1, 0, 0, 0, 105, 105, 100, 0);
INSERT INTO `tbl_kehadiran` VALUES (47, 47, 1, 5, 0, 0, 100, 105, 95, 5);
INSERT INTO `tbl_kehadiran` VALUES (48, 48, 1, 1, 1, 0, 103, 105, 98, 2);
INSERT INTO `tbl_kehadiran` VALUES (49, 49, 1, 0, 1, 1, 103, 105, 98, 2);
INSERT INTO `tbl_kehadiran` VALUES (50, 50, 1, 0, 0, 0, 105, 105, 100, 0);
INSERT INTO `tbl_kehadiran` VALUES (51, 51, 1, 6, 2, 5, 92, 105, 88, 13);
INSERT INTO `tbl_kehadiran` VALUES (52, 52, 1, 0, 0, 0, 105, 105, 100, 0);
INSERT INTO `tbl_kehadiran` VALUES (53, 53, 1, 2, 0, 0, 103, 105, 98, 2);
INSERT INTO `tbl_kehadiran` VALUES (54, 54, 1, 0, 0, 0, 105, 105, 100, 0);
INSERT INTO `tbl_kehadiran` VALUES (55, 55, 1, 2, 0, 0, 103, 105, 98, 2);
INSERT INTO `tbl_kehadiran` VALUES (56, 56, 1, 0, 0, 0, 105, 105, 100, 0);
INSERT INTO `tbl_kehadiran` VALUES (57, 57, 1, 2, 0, 0, 103, 105, 98, 2);
INSERT INTO `tbl_kehadiran` VALUES (58, 58, 1, 1, 0, 1, 103, 105, 98, 2);
INSERT INTO `tbl_kehadiran` VALUES (59, 59, 1, 0, 0, 0, 105, 105, 100, 0);
INSERT INTO `tbl_kehadiran` VALUES (60, 60, 1, 1, 0, 0, 104, 105, 99, 1);
INSERT INTO `tbl_kehadiran` VALUES (61, 61, 1, 1, 0, 0, 104, 105, 99, 1);
INSERT INTO `tbl_kehadiran` VALUES (62, 62, 1, 1, 0, 1, 103, 105, 98, 2);
INSERT INTO `tbl_kehadiran` VALUES (63, 63, 1, 0, 0, 4, 101, 105, 96, 4);
INSERT INTO `tbl_kehadiran` VALUES (64, 64, 1, 1, 1, 1, 102, 105, 97, 3);
INSERT INTO `tbl_kehadiran` VALUES (65, 65, 1, 0, 0, 0, 105, 105, 100, 0);
INSERT INTO `tbl_kehadiran` VALUES (66, 66, 1, 0, 0, 0, 105, 105, 100, 0);
INSERT INTO `tbl_kehadiran` VALUES (67, 67, 1, 0, 0, 0, 105, 105, 100, 0);
INSERT INTO `tbl_kehadiran` VALUES (68, 68, 1, 0, 0, 0, 105, 105, 100, 0);
INSERT INTO `tbl_kehadiran` VALUES (69, 69, 1, 2, 0, 0, 103, 105, 98, 2);
INSERT INTO `tbl_kehadiran` VALUES (70, 70, 1, 2, 1, 0, 102, 105, 97, 3);
INSERT INTO `tbl_kehadiran` VALUES (71, 71, 1, 2, 0, 3, 100, 105, 95, 5);
INSERT INTO `tbl_kehadiran` VALUES (72, 72, 1, 0, 0, 17, 88, 105, 84, 17);
INSERT INTO `tbl_kehadiran` VALUES (73, 73, 1, 1, 1, 0, 103, 105, 98, 2);
INSERT INTO `tbl_kehadiran` VALUES (74, 74, 1, 0, 0, 0, 105, 105, 100, 0);
INSERT INTO `tbl_kehadiran` VALUES (75, 75, 1, 1, 1, 3, 100, 105, 95, 5);
INSERT INTO `tbl_kehadiran` VALUES (76, 76, 1, 1, 0, 1, 103, 105, 98, 2);
INSERT INTO `tbl_kehadiran` VALUES (77, 77, 1, 4, 2, 0, 99, 105, 94, 6);
INSERT INTO `tbl_kehadiran` VALUES (78, 78, 1, 4, 0, 0, 101, 105, 96, 4);
INSERT INTO `tbl_kehadiran` VALUES (79, 79, 1, 1, 1, 1, 102, 105, 97, 3);
INSERT INTO `tbl_kehadiran` VALUES (80, 80, 1, 1, 2, 0, 102, 105, 97, 3);
INSERT INTO `tbl_kehadiran` VALUES (81, 81, 1, 0, 0, 0, 105, 105, 100, 0);
INSERT INTO `tbl_kehadiran` VALUES (82, 82, 1, 3, 0, 0, 102, 105, 97, 3);
INSERT INTO `tbl_kehadiran` VALUES (83, 83, 1, 3, 0, 0, 102, 105, 97, 3);
INSERT INTO `tbl_kehadiran` VALUES (84, 84, 1, 1, 2, 8, 94, 105, 90, 11);
INSERT INTO `tbl_kehadiran` VALUES (85, 85, 1, 3, 0, 1, 101, 105, 96, 4);
INSERT INTO `tbl_kehadiran` VALUES (86, 86, 1, 0, 1, 2, 102, 105, 97, 3);
INSERT INTO `tbl_kehadiran` VALUES (87, 87, 1, 0, 0, 0, 105, 105, 100, 0);
INSERT INTO `tbl_kehadiran` VALUES (88, 88, 1, 5, 0, 8, 92, 105, 88, 13);
INSERT INTO `tbl_kehadiran` VALUES (89, 89, 1, 8, 4, 2, 91, 105, 87, 14);
INSERT INTO `tbl_kehadiran` VALUES (90, 90, 1, 0, 0, 1, 104, 105, 99, 1);
INSERT INTO `tbl_kehadiran` VALUES (91, 91, 1, 0, 0, 0, 105, 105, 100, 0);
INSERT INTO `tbl_kehadiran` VALUES (92, 92, 1, 3, 1, 0, 101, 105, 96, 4);
INSERT INTO `tbl_kehadiran` VALUES (93, 93, 1, 1, 0, 11, 93, 105, 89, 12);
INSERT INTO `tbl_kehadiran` VALUES (94, 94, 1, 0, 0, 0, 105, 105, 100, 0);
INSERT INTO `tbl_kehadiran` VALUES (95, 95, 1, 3, 2, 1, 99, 105, 94, 6);
INSERT INTO `tbl_kehadiran` VALUES (96, 96, 1, 3, 4, 4, 94, 105, 90, 11);
INSERT INTO `tbl_kehadiran` VALUES (97, 97, 1, 4, 1, 17, 83, 105, 79, 22);
INSERT INTO `tbl_kehadiran` VALUES (98, 98, 1, 0, 0, 0, 105, 105, 100, 0);
INSERT INTO `tbl_kehadiran` VALUES (99, 99, 1, 4, 0, 1, 100, 105, 95, 5);
INSERT INTO `tbl_kehadiran` VALUES (100, 100, 1, 1, 1, 0, 103, 105, 98, 2);
INSERT INTO `tbl_kehadiran` VALUES (101, 101, 1, 2, 1, 0, 102, 105, 97, 3);
INSERT INTO `tbl_kehadiran` VALUES (102, 102, 1, 4, 0, 2, 99, 105, 94, 6);
INSERT INTO `tbl_kehadiran` VALUES (103, 103, 1, 1, 0, 0, 104, 105, 99, 1);
INSERT INTO `tbl_kehadiran` VALUES (104, 104, 1, 3, 3, 0, 99, 105, 94, 6);
INSERT INTO `tbl_kehadiran` VALUES (105, 105, 1, 9, 2, 22, 72, 105, 69, 33);
INSERT INTO `tbl_kehadiran` VALUES (106, 106, 1, 1, 0, 1, 103, 105, 98, 2);
INSERT INTO `tbl_kehadiran` VALUES (107, 107, 1, 0, 2, 6, 97, 105, 92, 8);
INSERT INTO `tbl_kehadiran` VALUES (108, 108, 1, 5, 0, 4, 96, 105, 91, 9);
INSERT INTO `tbl_kehadiran` VALUES (109, 109, 1, 0, 0, 4, 101, 105, 96, 4);
INSERT INTO `tbl_kehadiran` VALUES (110, 110, 1, 0, 2, 1, 102, 105, 97, 3);
INSERT INTO `tbl_kehadiran` VALUES (111, 111, 1, 0, 1, 9, 95, 105, 90, 10);
INSERT INTO `tbl_kehadiran` VALUES (112, 112, 1, 3, 0, 1, 101, 105, 96, 4);
INSERT INTO `tbl_kehadiran` VALUES (113, 113, 1, 3, 0, 1, 101, 105, 96, 4);
INSERT INTO `tbl_kehadiran` VALUES (114, 114, 1, 2, 1, 2, 100, 105, 95, 5);
INSERT INTO `tbl_kehadiran` VALUES (115, 115, 1, 0, 0, 0, 105, 105, 100, 0);
INSERT INTO `tbl_kehadiran` VALUES (116, 116, 1, 3, 0, 0, 102, 105, 97, 3);
INSERT INTO `tbl_kehadiran` VALUES (117, 117, 1, 0, 0, 0, 105, 105, 100, 0);
INSERT INTO `tbl_kehadiran` VALUES (118, 118, 1, 1, 0, 1, 103, 105, 98, 2);
INSERT INTO `tbl_kehadiran` VALUES (119, 119, 1, 2, 0, 0, 103, 105, 98, 2);
INSERT INTO `tbl_kehadiran` VALUES (120, 120, 1, 0, 0, 6, 99, 105, 94, 6);
INSERT INTO `tbl_kehadiran` VALUES (121, 121, 1, 0, 0, 9, 96, 105, 91, 9);
INSERT INTO `tbl_kehadiran` VALUES (122, 122, 1, 0, 0, 0, 105, 105, 100, 0);
INSERT INTO `tbl_kehadiran` VALUES (123, 123, 1, 0, 0, 0, 105, 105, 100, 0);
INSERT INTO `tbl_kehadiran` VALUES (124, 124, 1, 2, 0, 2, 101, 105, 96, 4);
INSERT INTO `tbl_kehadiran` VALUES (125, 125, 1, 0, 0, 5, 100, 105, 95, 5);
INSERT INTO `tbl_kehadiran` VALUES (126, 126, 1, 1, 0, 2, 102, 105, 97, 3);
INSERT INTO `tbl_kehadiran` VALUES (127, 127, 1, 4, 2, 20, 79, 105, 75, 26);
INSERT INTO `tbl_kehadiran` VALUES (128, 128, 1, 2, 0, 2, 101, 105, 96, 4);
INSERT INTO `tbl_kehadiran` VALUES (129, 129, 1, 0, 0, 4, 101, 105, 96, 4);
INSERT INTO `tbl_kehadiran` VALUES (130, 130, 1, 0, 3, 0, 102, 105, 97, 3);
INSERT INTO `tbl_kehadiran` VALUES (131, 131, 1, 1, 0, 3, 101, 105, 96, 4);
INSERT INTO `tbl_kehadiran` VALUES (132, 132, 1, 2, 2, 7, 94, 105, 90, 11);
INSERT INTO `tbl_kehadiran` VALUES (133, 133, 1, 0, 0, 2, 103, 105, 98, 2);
INSERT INTO `tbl_kehadiran` VALUES (134, 134, 1, 0, 0, 1, 104, 105, 99, 1);
INSERT INTO `tbl_kehadiran` VALUES (135, 135, 1, 6, 0, 4, 95, 105, 90, 10);
INSERT INTO `tbl_kehadiran` VALUES (136, 136, 1, 1, 2, 2, 100, 105, 95, 5);
INSERT INTO `tbl_kehadiran` VALUES (137, 137, 1, 0, 1, 3, 101, 105, 96, 4);
INSERT INTO `tbl_kehadiran` VALUES (138, 138, 1, 0, 0, 0, 105, 105, 100, 0);
INSERT INTO `tbl_kehadiran` VALUES (139, 139, 1, 1, 1, 0, 103, 105, 98, 2);
INSERT INTO `tbl_kehadiran` VALUES (140, 140, 1, 1, 0, 5, 99, 105, 94, 6);
INSERT INTO `tbl_kehadiran` VALUES (141, 141, 1, 2, 0, 1, 102, 105, 97, 3);

-- ----------------------------
-- Table structure for tbl_kelas
-- ----------------------------
DROP TABLE IF EXISTS `tbl_kelas`;
CREATE TABLE `tbl_kelas`  (
  `id_kelas` int(11) NOT NULL AUTO_INCREMENT,
  `tingkat` int(11) NOT NULL,
  `jurusan` varchar(100) CHARACTER SET utf8mb4 COLLATE utf8mb4_general_ci NOT NULL,
  `nama_kelas` varchar(30) CHARACTER SET utf8mb4 COLLATE utf8mb4_general_ci NOT NULL,
  `wali_kelas` int(11) NOT NULL,
  `status` int(11) NOT NULL,
  PRIMARY KEY (`id_kelas`) USING BTREE
) ENGINE = InnoDB AUTO_INCREMENT = 9 CHARACTER SET = utf8mb4 COLLATE = utf8mb4_general_ci ROW_FORMAT = Dynamic;

-- ----------------------------
-- Records of tbl_kelas
-- ----------------------------
INSERT INTO `tbl_kelas` VALUES (1, 11, 'IPA', 'XI IPA 1', 3, 1);
INSERT INTO `tbl_kelas` VALUES (2, 11, 'IPA', 'XI IPA 2', 4, 1);
INSERT INTO `tbl_kelas` VALUES (3, 11, 'IPS', 'XI IPS 1', 5, 1);
INSERT INTO `tbl_kelas` VALUES (4, 11, 'IPS', 'XI IPS 2', 6, 1);

-- ----------------------------
-- Table structure for tbl_kepribadian
-- ----------------------------
DROP TABLE IF EXISTS `tbl_kepribadian`;
CREATE TABLE `tbl_kepribadian`  (
  `id` int(11) NOT NULL AUTO_INCREMENT,
  `kehadiran` int(11) NOT NULL,
  `kepribadian` int(11) NOT NULL,
  `id_siswa` int(11) NOT NULL,
  `id_ajaran` int(11) NOT NULL,
  PRIMARY KEY (`id`) USING BTREE
) ENGINE = InnoDB AUTO_INCREMENT = 1342 CHARACTER SET = utf8mb4 COLLATE = utf8mb4_general_ci ROW_FORMAT = Dynamic;

-- ----------------------------
-- Records of tbl_kepribadian
-- ----------------------------
INSERT INTO `tbl_kepribadian` VALUES (1201, 0, 7, 1, 1);
INSERT INTO `tbl_kepribadian` VALUES (1202, 0, 6, 2, 1);
INSERT INTO `tbl_kepribadian` VALUES (1203, 0, 7, 3, 1);
INSERT INTO `tbl_kepribadian` VALUES (1204, 0, 7, 4, 1);
INSERT INTO `tbl_kepribadian` VALUES (1205, 0, 7, 5, 1);
INSERT INTO `tbl_kepribadian` VALUES (1206, 0, 7, 6, 1);
INSERT INTO `tbl_kepribadian` VALUES (1207, 0, 6, 7, 1);
INSERT INTO `tbl_kepribadian` VALUES (1208, 0, 7, 8, 1);
INSERT INTO `tbl_kepribadian` VALUES (1209, 0, 7, 9, 1);
INSERT INTO `tbl_kepribadian` VALUES (1210, 0, 6, 10, 1);
INSERT INTO `tbl_kepribadian` VALUES (1211, 0, 7, 11, 1);
INSERT INTO `tbl_kepribadian` VALUES (1212, 0, 7, 12, 1);
INSERT INTO `tbl_kepribadian` VALUES (1213, 0, 6, 13, 1);
INSERT INTO `tbl_kepribadian` VALUES (1214, 0, 7, 14, 1);
INSERT INTO `tbl_kepribadian` VALUES (1215, 0, 7, 15, 1);
INSERT INTO `tbl_kepribadian` VALUES (1216, 0, 7, 16, 1);
INSERT INTO `tbl_kepribadian` VALUES (1217, 0, 7, 17, 1);
INSERT INTO `tbl_kepribadian` VALUES (1218, 0, 7, 18, 1);
INSERT INTO `tbl_kepribadian` VALUES (1219, 0, 7, 19, 1);
INSERT INTO `tbl_kepribadian` VALUES (1220, 0, 7, 20, 1);
INSERT INTO `tbl_kepribadian` VALUES (1221, 0, 7, 21, 1);
INSERT INTO `tbl_kepribadian` VALUES (1222, 0, 7, 22, 1);
INSERT INTO `tbl_kepribadian` VALUES (1223, 0, 7, 23, 1);
INSERT INTO `tbl_kepribadian` VALUES (1224, 0, 7, 24, 1);
INSERT INTO `tbl_kepribadian` VALUES (1225, 0, 6, 25, 1);
INSERT INTO `tbl_kepribadian` VALUES (1226, 0, 7, 26, 1);
INSERT INTO `tbl_kepribadian` VALUES (1227, 0, 7, 27, 1);
INSERT INTO `tbl_kepribadian` VALUES (1228, 0, 7, 28, 1);
INSERT INTO `tbl_kepribadian` VALUES (1229, 0, 7, 29, 1);
INSERT INTO `tbl_kepribadian` VALUES (1230, 0, 7, 30, 1);
INSERT INTO `tbl_kepribadian` VALUES (1231, 0, 7, 31, 1);
INSERT INTO `tbl_kepribadian` VALUES (1232, 0, 7, 32, 1);
INSERT INTO `tbl_kepribadian` VALUES (1233, 0, 7, 33, 1);
INSERT INTO `tbl_kepribadian` VALUES (1234, 0, 7, 34, 1);
INSERT INTO `tbl_kepribadian` VALUES (1235, 0, 7, 35, 1);
INSERT INTO `tbl_kepribadian` VALUES (1236, 0, 7, 36, 1);
INSERT INTO `tbl_kepribadian` VALUES (1237, 0, 7, 37, 1);
INSERT INTO `tbl_kepribadian` VALUES (1238, 0, 7, 38, 1);
INSERT INTO `tbl_kepribadian` VALUES (1239, 0, 7, 39, 1);
INSERT INTO `tbl_kepribadian` VALUES (1240, 0, 7, 40, 1);
INSERT INTO `tbl_kepribadian` VALUES (1241, 0, 6, 41, 1);
INSERT INTO `tbl_kepribadian` VALUES (1242, 0, 7, 42, 1);
INSERT INTO `tbl_kepribadian` VALUES (1243, 0, 7, 43, 1);
INSERT INTO `tbl_kepribadian` VALUES (1244, 0, 7, 44, 1);
INSERT INTO `tbl_kepribadian` VALUES (1245, 0, 7, 45, 1);
INSERT INTO `tbl_kepribadian` VALUES (1246, 0, 7, 46, 1);
INSERT INTO `tbl_kepribadian` VALUES (1247, 0, 6, 47, 1);
INSERT INTO `tbl_kepribadian` VALUES (1248, 0, 6, 48, 1);
INSERT INTO `tbl_kepribadian` VALUES (1249, 0, 7, 49, 1);
INSERT INTO `tbl_kepribadian` VALUES (1250, 0, 7, 50, 1);
INSERT INTO `tbl_kepribadian` VALUES (1251, 0, 7, 51, 1);
INSERT INTO `tbl_kepribadian` VALUES (1252, 0, 7, 52, 1);
INSERT INTO `tbl_kepribadian` VALUES (1253, 0, 7, 53, 1);
INSERT INTO `tbl_kepribadian` VALUES (1254, 0, 7, 54, 1);
INSERT INTO `tbl_kepribadian` VALUES (1255, 0, 7, 55, 1);
INSERT INTO `tbl_kepribadian` VALUES (1256, 0, 7, 56, 1);
INSERT INTO `tbl_kepribadian` VALUES (1257, 0, 7, 57, 1);
INSERT INTO `tbl_kepribadian` VALUES (1258, 0, 7, 58, 1);
INSERT INTO `tbl_kepribadian` VALUES (1259, 0, 7, 59, 1);
INSERT INTO `tbl_kepribadian` VALUES (1260, 0, 7, 60, 1);
INSERT INTO `tbl_kepribadian` VALUES (1261, 0, 7, 61, 1);
INSERT INTO `tbl_kepribadian` VALUES (1262, 0, 7, 62, 1);
INSERT INTO `tbl_kepribadian` VALUES (1263, 0, 7, 63, 1);
INSERT INTO `tbl_kepribadian` VALUES (1264, 0, 7, 64, 1);
INSERT INTO `tbl_kepribadian` VALUES (1265, 0, 7, 65, 1);
INSERT INTO `tbl_kepribadian` VALUES (1266, 0, 6, 66, 1);
INSERT INTO `tbl_kepribadian` VALUES (1267, 0, 7, 67, 1);
INSERT INTO `tbl_kepribadian` VALUES (1268, 0, 7, 68, 1);
INSERT INTO `tbl_kepribadian` VALUES (1269, 0, 7, 107, 1);
INSERT INTO `tbl_kepribadian` VALUES (1270, 0, 7, 108, 1);
INSERT INTO `tbl_kepribadian` VALUES (1271, 0, 7, 109, 1);
INSERT INTO `tbl_kepribadian` VALUES (1272, 0, 7, 110, 1);
INSERT INTO `tbl_kepribadian` VALUES (1273, 0, 7, 111, 1);
INSERT INTO `tbl_kepribadian` VALUES (1274, 0, 7, 112, 1);
INSERT INTO `tbl_kepribadian` VALUES (1275, 0, 6, 113, 1);
INSERT INTO `tbl_kepribadian` VALUES (1276, 0, 7, 114, 1);
INSERT INTO `tbl_kepribadian` VALUES (1277, 0, 7, 115, 1);
INSERT INTO `tbl_kepribadian` VALUES (1278, 0, 7, 116, 1);
INSERT INTO `tbl_kepribadian` VALUES (1279, 0, 7, 117, 1);
INSERT INTO `tbl_kepribadian` VALUES (1280, 0, 6, 118, 1);
INSERT INTO `tbl_kepribadian` VALUES (1281, 0, 7, 119, 1);
INSERT INTO `tbl_kepribadian` VALUES (1282, 0, 7, 120, 1);
INSERT INTO `tbl_kepribadian` VALUES (1283, 0, 7, 121, 1);
INSERT INTO `tbl_kepribadian` VALUES (1284, 0, 7, 122, 1);
INSERT INTO `tbl_kepribadian` VALUES (1285, 0, 7, 123, 1);
INSERT INTO `tbl_kepribadian` VALUES (1286, 0, 7, 124, 1);
INSERT INTO `tbl_kepribadian` VALUES (1287, 0, 7, 125, 1);
INSERT INTO `tbl_kepribadian` VALUES (1288, 0, 7, 126, 1);
INSERT INTO `tbl_kepribadian` VALUES (1289, 0, 7, 127, 1);
INSERT INTO `tbl_kepribadian` VALUES (1290, 0, 7, 128, 1);
INSERT INTO `tbl_kepribadian` VALUES (1291, 0, 7, 129, 1);
INSERT INTO `tbl_kepribadian` VALUES (1292, 0, 7, 130, 1);
INSERT INTO `tbl_kepribadian` VALUES (1293, 0, 7, 131, 1);
INSERT INTO `tbl_kepribadian` VALUES (1294, 0, 7, 132, 1);
INSERT INTO `tbl_kepribadian` VALUES (1295, 0, 6, 133, 1);
INSERT INTO `tbl_kepribadian` VALUES (1296, 0, 6, 134, 1);
INSERT INTO `tbl_kepribadian` VALUES (1297, 0, 7, 135, 1);
INSERT INTO `tbl_kepribadian` VALUES (1298, 0, 6, 136, 1);
INSERT INTO `tbl_kepribadian` VALUES (1299, 0, 6, 137, 1);
INSERT INTO `tbl_kepribadian` VALUES (1300, 0, 7, 138, 1);
INSERT INTO `tbl_kepribadian` VALUES (1301, 0, 7, 139, 1);
INSERT INTO `tbl_kepribadian` VALUES (1302, 0, 7, 140, 1);
INSERT INTO `tbl_kepribadian` VALUES (1303, 0, 7, 141, 1);
INSERT INTO `tbl_kepribadian` VALUES (1304, 0, 7, 69, 1);
INSERT INTO `tbl_kepribadian` VALUES (1305, 0, 7, 70, 1);
INSERT INTO `tbl_kepribadian` VALUES (1306, 0, 7, 71, 1);
INSERT INTO `tbl_kepribadian` VALUES (1307, 0, 7, 72, 1);
INSERT INTO `tbl_kepribadian` VALUES (1308, 0, 7, 73, 1);
INSERT INTO `tbl_kepribadian` VALUES (1309, 0, 7, 74, 1);
INSERT INTO `tbl_kepribadian` VALUES (1310, 0, 7, 75, 1);
INSERT INTO `tbl_kepribadian` VALUES (1311, 0, 6, 76, 1);
INSERT INTO `tbl_kepribadian` VALUES (1312, 0, 6, 77, 1);
INSERT INTO `tbl_kepribadian` VALUES (1313, 0, 7, 78, 1);
INSERT INTO `tbl_kepribadian` VALUES (1314, 0, 7, 79, 1);
INSERT INTO `tbl_kepribadian` VALUES (1315, 0, 7, 80, 1);
INSERT INTO `tbl_kepribadian` VALUES (1316, 0, 6, 81, 1);
INSERT INTO `tbl_kepribadian` VALUES (1317, 0, 6, 82, 1);
INSERT INTO `tbl_kepribadian` VALUES (1318, 0, 6, 83, 1);
INSERT INTO `tbl_kepribadian` VALUES (1319, 0, 7, 84, 1);
INSERT INTO `tbl_kepribadian` VALUES (1320, 0, 7, 85, 1);
INSERT INTO `tbl_kepribadian` VALUES (1321, 0, 7, 86, 1);
INSERT INTO `tbl_kepribadian` VALUES (1322, 0, 7, 87, 1);
INSERT INTO `tbl_kepribadian` VALUES (1323, 0, 7, 88, 1);
INSERT INTO `tbl_kepribadian` VALUES (1324, 0, 7, 89, 1);
INSERT INTO `tbl_kepribadian` VALUES (1325, 0, 7, 90, 1);
INSERT INTO `tbl_kepribadian` VALUES (1326, 0, 6, 91, 1);
INSERT INTO `tbl_kepribadian` VALUES (1327, 0, 6, 92, 1);
INSERT INTO `tbl_kepribadian` VALUES (1328, 0, 6, 93, 1);
INSERT INTO `tbl_kepribadian` VALUES (1329, 0, 7, 94, 1);
INSERT INTO `tbl_kepribadian` VALUES (1330, 0, 7, 95, 1);
INSERT INTO `tbl_kepribadian` VALUES (1331, 0, 7, 96, 1);
INSERT INTO `tbl_kepribadian` VALUES (1332, 0, 7, 97, 1);
INSERT INTO `tbl_kepribadian` VALUES (1333, 0, 7, 98, 1);
INSERT INTO `tbl_kepribadian` VALUES (1334, 0, 7, 99, 1);
INSERT INTO `tbl_kepribadian` VALUES (1335, 0, 7, 100, 1);
INSERT INTO `tbl_kepribadian` VALUES (1336, 0, 7, 101, 1);
INSERT INTO `tbl_kepribadian` VALUES (1337, 0, 7, 102, 1);
INSERT INTO `tbl_kepribadian` VALUES (1338, 0, 7, 103, 1);
INSERT INTO `tbl_kepribadian` VALUES (1339, 0, 7, 104, 1);
INSERT INTO `tbl_kepribadian` VALUES (1340, 0, 8, 105, 1);
INSERT INTO `tbl_kepribadian` VALUES (1341, 0, 7, 106, 1);

-- ----------------------------
-- Table structure for tbl_kriteria
-- ----------------------------
DROP TABLE IF EXISTS `tbl_kriteria`;
CREATE TABLE `tbl_kriteria`  (
  `id_kriteria` int(11) NOT NULL AUTO_INCREMENT,
  `nama_kriteria` varchar(150) CHARACTER SET latin1 COLLATE latin1_swedish_ci NOT NULL,
  `atribut_kriteria` set('Benefit','Cost') CHARACTER SET latin1 COLLATE latin1_swedish_ci NOT NULL,
  `bobot_kriteria` float NOT NULL,
  PRIMARY KEY (`id_kriteria`) USING BTREE
) ENGINE = InnoDB AUTO_INCREMENT = 6 CHARACTER SET = latin1 COLLATE = latin1_swedish_ci ROW_FORMAT = Dynamic;

-- ----------------------------
-- Records of tbl_kriteria
-- ----------------------------
INSERT INTO `tbl_kriteria` VALUES (1, 'Rata-Rata Nilai Rapor', 'Benefit', 0.5);
INSERT INTO `tbl_kriteria` VALUES (2, 'Kehadiran', 'Cost', 0.1);
INSERT INTO `tbl_kriteria` VALUES (3, 'Sikap', 'Benefit', 0.4);

-- ----------------------------
-- Table structure for tbl_matpel
-- ----------------------------
DROP TABLE IF EXISTS `tbl_matpel`;
CREATE TABLE `tbl_matpel`  (
  `id_matpel` int(11) NOT NULL AUTO_INCREMENT,
  `nama_pelajaran` varchar(100) CHARACTER SET utf8mb4 COLLATE utf8mb4_general_ci NOT NULL,
  `kelompok` varchar(20) CHARACTER SET utf8mb4 COLLATE utf8mb4_general_ci NOT NULL,
  `id_guru` int(11) NULL DEFAULT NULL,
  PRIMARY KEY (`id_matpel`) USING BTREE
) ENGINE = InnoDB AUTO_INCREMENT = 20 CHARACTER SET = utf8mb4 COLLATE = utf8mb4_general_ci ROW_FORMAT = Dynamic;

-- ----------------------------
-- Records of tbl_matpel
-- ----------------------------
INSERT INTO `tbl_matpel` VALUES (1, 'Pendidikan Agama', 'Wajib', NULL);
INSERT INTO `tbl_matpel` VALUES (2, 'Pkn', 'Wajib', NULL);
INSERT INTO `tbl_matpel` VALUES (3, 'Bahasa Indonesia', 'Wajib', NULL);
INSERT INTO `tbl_matpel` VALUES (4, 'Matematika', 'Wajib', NULL);
INSERT INTO `tbl_matpel` VALUES (5, 'Sejarah Indonesia', 'Wajib', NULL);
INSERT INTO `tbl_matpel` VALUES (6, 'Bahasa Inggris', 'Wajib', NULL);
INSERT INTO `tbl_matpel` VALUES (7, 'Seni Budaya', 'Wajib', NULL);
INSERT INTO `tbl_matpel` VALUES (8, 'Penjas', 'Wajib', NULL);
INSERT INTO `tbl_matpel` VALUES (9, 'Prakarya & Kewirausahaan', 'Wajib', NULL);
INSERT INTO `tbl_matpel` VALUES (10, 'Bahasa Inggris (Lintas Minat)', 'Wajib', NULL);
INSERT INTO `tbl_matpel` VALUES (11, 'Bahasa Jepang', 'Wajib', NULL);
INSERT INTO `tbl_matpel` VALUES (12, 'Matematika (Peminatan)', 'IPA', NULL);
INSERT INTO `tbl_matpel` VALUES (13, 'Fisika', 'IPA', NULL);
INSERT INTO `tbl_matpel` VALUES (14, 'Kimia', 'IPA', NULL);
INSERT INTO `tbl_matpel` VALUES (15, 'Biologi', 'IPA', NULL);
INSERT INTO `tbl_matpel` VALUES (16, 'Sejarah (Peminatan)', 'IPS', NULL);
INSERT INTO `tbl_matpel` VALUES (17, 'Geografi', 'IPS', NULL);
INSERT INTO `tbl_matpel` VALUES (18, 'Sosiologi', 'IPS', NULL);
INSERT INTO `tbl_matpel` VALUES (19, 'Ekonomi', 'IPS', NULL);

-- ----------------------------
-- Table structure for tbl_nilai
-- ----------------------------
DROP TABLE IF EXISTS `tbl_nilai`;
CREATE TABLE `tbl_nilai`  (
  `id_nilai` int(11) NOT NULL AUTO_INCREMENT,
  `id_ajaran` int(11) NOT NULL,
  `id_matpel` int(11) NOT NULL,
  `id_siswa` int(11) NOT NULL,
  `nilai_c` float NOT NULL,
  `nilai_p` float NOT NULL,
  `nilai_akhir` float NOT NULL,
  PRIMARY KEY (`id_nilai`) USING BTREE
) ENGINE = InnoDB AUTO_INCREMENT = 2154 CHARACTER SET = utf8mb4 COLLATE = utf8mb4_general_ci ROW_FORMAT = Dynamic;

-- ----------------------------
-- Records of tbl_nilai
-- ----------------------------
INSERT INTO `tbl_nilai` VALUES (1, 1, 1, 1, 96, 96, 96);
INSERT INTO `tbl_nilai` VALUES (2, 1, 1, 2, 92, 90, 91);
INSERT INTO `tbl_nilai` VALUES (3, 1, 1, 3, 92, 90, 91);
INSERT INTO `tbl_nilai` VALUES (4, 1, 1, 4, 95, 96, 95.5);
INSERT INTO `tbl_nilai` VALUES (5, 1, 1, 5, 91, 85, 88);
INSERT INTO `tbl_nilai` VALUES (6, 1, 1, 6, 92, 90, 91);
INSERT INTO `tbl_nilai` VALUES (7, 1, 1, 7, 92, 90, 91);
INSERT INTO `tbl_nilai` VALUES (8, 1, 1, 8, 97, 98, 97.5);
INSERT INTO `tbl_nilai` VALUES (9, 1, 1, 9, 93, 96, 94.5);
INSERT INTO `tbl_nilai` VALUES (10, 1, 1, 10, 93, 90, 91.5);
INSERT INTO `tbl_nilai` VALUES (11, 1, 1, 11, 91, 95, 93);
INSERT INTO `tbl_nilai` VALUES (12, 1, 1, 12, 92, 90, 91);
INSERT INTO `tbl_nilai` VALUES (13, 1, 1, 13, 92, 92, 92);
INSERT INTO `tbl_nilai` VALUES (14, 1, 1, 14, 94, 95, 94.5);
INSERT INTO `tbl_nilai` VALUES (15, 1, 1, 15, 94, 93, 93.5);
INSERT INTO `tbl_nilai` VALUES (16, 1, 1, 16, 92, 93, 92.5);
INSERT INTO `tbl_nilai` VALUES (17, 1, 1, 17, 99, 98, 98.5);
INSERT INTO `tbl_nilai` VALUES (18, 1, 1, 18, 91, 90, 90.5);
INSERT INTO `tbl_nilai` VALUES (19, 1, 1, 19, 91, 90, 90.5);
INSERT INTO `tbl_nilai` VALUES (20, 1, 1, 20, 92, 91, 91.5);
INSERT INTO `tbl_nilai` VALUES (21, 1, 1, 21, 93, 90, 91.5);
INSERT INTO `tbl_nilai` VALUES (22, 1, 1, 22, 91, 90, 90.5);
INSERT INTO `tbl_nilai` VALUES (23, 1, 1, 23, 93, 90, 91.5);
INSERT INTO `tbl_nilai` VALUES (24, 1, 1, 24, 93, 90, 91.5);
INSERT INTO `tbl_nilai` VALUES (25, 1, 1, 25, 99, 98, 98.5);
INSERT INTO `tbl_nilai` VALUES (26, 1, 1, 26, 91, 90, 90.5);
INSERT INTO `tbl_nilai` VALUES (27, 1, 1, 27, 96, 96, 96);
INSERT INTO `tbl_nilai` VALUES (28, 1, 1, 28, 91, 90, 90.5);
INSERT INTO `tbl_nilai` VALUES (29, 1, 1, 29, 96, 98, 97);
INSERT INTO `tbl_nilai` VALUES (30, 1, 1, 30, 95, 96, 95.5);
INSERT INTO `tbl_nilai` VALUES (31, 1, 1, 31, 93, 90, 91.5);
INSERT INTO `tbl_nilai` VALUES (32, 1, 1, 32, 93, 90, 91.5);
INSERT INTO `tbl_nilai` VALUES (33, 1, 1, 33, 92, 90, 91);
INSERT INTO `tbl_nilai` VALUES (34, 1, 1, 34, 94, 90, 92);
INSERT INTO `tbl_nilai` VALUES (35, 1, 1, 35, 90, 90, 90);
INSERT INTO `tbl_nilai` VALUES (36, 1, 2, 1, 80, 80, 80);
INSERT INTO `tbl_nilai` VALUES (37, 1, 2, 2, 91, 88, 89.5);
INSERT INTO `tbl_nilai` VALUES (38, 1, 2, 3, 84, 88, 86);
INSERT INTO `tbl_nilai` VALUES (39, 1, 2, 4, 85, 80, 82.5);
INSERT INTO `tbl_nilai` VALUES (40, 1, 2, 5, 85, 87, 86);
INSERT INTO `tbl_nilai` VALUES (41, 1, 2, 6, 89, 89, 89);
INSERT INTO `tbl_nilai` VALUES (42, 1, 2, 7, 89, 89, 89);
INSERT INTO `tbl_nilai` VALUES (43, 1, 2, 8, 89, 87, 88);
INSERT INTO `tbl_nilai` VALUES (44, 1, 2, 9, 82, 80, 81);
INSERT INTO `tbl_nilai` VALUES (45, 1, 2, 10, 89, 88, 88.5);
INSERT INTO `tbl_nilai` VALUES (46, 1, 2, 11, 82, 87, 84.5);
INSERT INTO `tbl_nilai` VALUES (47, 1, 2, 12, 88, 89, 88.5);
INSERT INTO `tbl_nilai` VALUES (48, 1, 2, 13, 86, 87, 86.5);
INSERT INTO `tbl_nilai` VALUES (49, 1, 2, 14, 90, 87, 88.5);
INSERT INTO `tbl_nilai` VALUES (50, 1, 2, 15, 86, 89, 87.5);
INSERT INTO `tbl_nilai` VALUES (51, 1, 2, 16, 88, 89, 88.5);
INSERT INTO `tbl_nilai` VALUES (52, 1, 2, 17, 85, 87, 86);
INSERT INTO `tbl_nilai` VALUES (53, 1, 2, 18, 82, 87, 84.5);
INSERT INTO `tbl_nilai` VALUES (54, 1, 2, 19, 87, 89, 88);
INSERT INTO `tbl_nilai` VALUES (55, 1, 2, 20, 85, 88, 86.5);
INSERT INTO `tbl_nilai` VALUES (56, 1, 2, 21, 88, 89, 88.5);
INSERT INTO `tbl_nilai` VALUES (57, 1, 2, 22, 87, 89, 88);
INSERT INTO `tbl_nilai` VALUES (58, 1, 2, 23, 91, 89, 90);
INSERT INTO `tbl_nilai` VALUES (59, 1, 2, 24, 89, 87, 88);
INSERT INTO `tbl_nilai` VALUES (60, 1, 2, 25, 88, 89, 88.5);
INSERT INTO `tbl_nilai` VALUES (61, 1, 2, 26, 87, 88, 87.5);
INSERT INTO `tbl_nilai` VALUES (62, 1, 2, 27, 82, 88, 85);
INSERT INTO `tbl_nilai` VALUES (63, 1, 2, 28, 80, 89, 84.5);
INSERT INTO `tbl_nilai` VALUES (64, 1, 2, 29, 88, 87, 87.5);
INSERT INTO `tbl_nilai` VALUES (65, 1, 2, 30, 86, 80, 83);
INSERT INTO `tbl_nilai` VALUES (66, 1, 2, 31, 86, 88, 87);
INSERT INTO `tbl_nilai` VALUES (67, 1, 2, 32, 91, 89, 90);
INSERT INTO `tbl_nilai` VALUES (68, 1, 2, 33, 90, 89, 89.5);
INSERT INTO `tbl_nilai` VALUES (69, 1, 2, 34, 83, 80, 81.5);
INSERT INTO `tbl_nilai` VALUES (70, 1, 2, 35, 80, 80, 80);
INSERT INTO `tbl_nilai` VALUES (71, 1, 3, 1, 78, 85, 81.5);
INSERT INTO `tbl_nilai` VALUES (72, 1, 3, 2, 87, 95, 91);
INSERT INTO `tbl_nilai` VALUES (73, 1, 3, 3, 85, 92, 88.5);
INSERT INTO `tbl_nilai` VALUES (74, 1, 3, 4, 85, 90, 87.5);
INSERT INTO `tbl_nilai` VALUES (75, 1, 3, 5, 83, 82, 82.5);
INSERT INTO `tbl_nilai` VALUES (76, 1, 3, 6, 83, 90, 86.5);
INSERT INTO `tbl_nilai` VALUES (77, 1, 3, 7, 88, 90, 89);
INSERT INTO `tbl_nilai` VALUES (78, 1, 3, 8, 83, 85, 84);
INSERT INTO `tbl_nilai` VALUES (79, 1, 3, 9, 78, 88, 83);
INSERT INTO `tbl_nilai` VALUES (80, 1, 3, 10, 82, 88, 85);
INSERT INTO `tbl_nilai` VALUES (81, 1, 3, 11, 77, 90, 83.5);
INSERT INTO `tbl_nilai` VALUES (82, 1, 3, 12, 84, 90, 87);
INSERT INTO `tbl_nilai` VALUES (83, 1, 3, 13, 84, 95, 89.5);
INSERT INTO `tbl_nilai` VALUES (84, 1, 3, 14, 82, 90, 86);
INSERT INTO `tbl_nilai` VALUES (85, 1, 3, 15, 88, 90, 89);
INSERT INTO `tbl_nilai` VALUES (86, 1, 3, 16, 81, 90, 85.5);
INSERT INTO `tbl_nilai` VALUES (87, 1, 3, 17, 89, 92, 90.5);
INSERT INTO `tbl_nilai` VALUES (88, 1, 3, 18, 81, 90, 85.5);
INSERT INTO `tbl_nilai` VALUES (89, 1, 3, 19, 80, 90, 85);
INSERT INTO `tbl_nilai` VALUES (90, 1, 3, 20, 83, 90, 86.5);
INSERT INTO `tbl_nilai` VALUES (91, 1, 3, 21, 83, 90, 86.5);
INSERT INTO `tbl_nilai` VALUES (92, 1, 3, 22, 79, 90, 84.5);
INSERT INTO `tbl_nilai` VALUES (93, 1, 3, 23, 82, 90, 86);
INSERT INTO `tbl_nilai` VALUES (94, 1, 3, 24, 89, 90, 89.5);
INSERT INTO `tbl_nilai` VALUES (95, 1, 3, 25, 84, 92, 88);
INSERT INTO `tbl_nilai` VALUES (96, 1, 3, 26, 86, 90, 88);
INSERT INTO `tbl_nilai` VALUES (97, 1, 3, 27, 81, 88, 84.5);
INSERT INTO `tbl_nilai` VALUES (98, 1, 3, 28, 78, 80, 79);
INSERT INTO `tbl_nilai` VALUES (99, 1, 3, 29, 84, 90, 87);
INSERT INTO `tbl_nilai` VALUES (100, 1, 3, 30, 78, 92, 85);
INSERT INTO `tbl_nilai` VALUES (101, 1, 3, 31, 81, 88, 84.5);
INSERT INTO `tbl_nilai` VALUES (102, 1, 3, 32, 87, 93, 90);
INSERT INTO `tbl_nilai` VALUES (103, 1, 3, 33, 82, 90, 86);
INSERT INTO `tbl_nilai` VALUES (104, 1, 3, 34, 83, 90, 86.5);
INSERT INTO `tbl_nilai` VALUES (105, 1, 3, 35, 77, 80, 78.5);
INSERT INTO `tbl_nilai` VALUES (106, 1, 4, 1, 76, 76, 76);
INSERT INTO `tbl_nilai` VALUES (107, 1, 4, 2, 88, 90, 89);
INSERT INTO `tbl_nilai` VALUES (108, 1, 4, 3, 78, 85, 81.5);
INSERT INTO `tbl_nilai` VALUES (109, 1, 4, 4, 78, 80, 79);
INSERT INTO `tbl_nilai` VALUES (110, 1, 4, 5, 78, 80, 79);
INSERT INTO `tbl_nilai` VALUES (111, 1, 4, 6, 78, 83, 80.5);
INSERT INTO `tbl_nilai` VALUES (112, 1, 4, 7, 81, 84, 82.5);
INSERT INTO `tbl_nilai` VALUES (113, 1, 4, 8, 80, 80, 80);
INSERT INTO `tbl_nilai` VALUES (114, 1, 4, 9, 76, 78, 77);
INSERT INTO `tbl_nilai` VALUES (115, 1, 4, 10, 78, 78, 78);
INSERT INTO `tbl_nilai` VALUES (116, 1, 4, 11, 76, 76, 76);
INSERT INTO `tbl_nilai` VALUES (117, 1, 4, 12, 80, 85, 82.5);
INSERT INTO `tbl_nilai` VALUES (118, 1, 4, 13, 83, 88, 85.5);
INSERT INTO `tbl_nilai` VALUES (119, 1, 4, 14, 77, 80, 78.5);
INSERT INTO `tbl_nilai` VALUES (120, 1, 4, 15, 86, 90, 88);
INSERT INTO `tbl_nilai` VALUES (121, 1, 4, 16, 76, 76, 76);
INSERT INTO `tbl_nilai` VALUES (122, 1, 4, 17, 77, 88, 82.5);
INSERT INTO `tbl_nilai` VALUES (123, 1, 4, 18, 76, 76, 76);
INSERT INTO `tbl_nilai` VALUES (124, 1, 4, 19, 76, 76, 76);
INSERT INTO `tbl_nilai` VALUES (125, 1, 4, 20, 77, 80, 78.5);
INSERT INTO `tbl_nilai` VALUES (126, 1, 4, 21, 77, 80, 78.5);
INSERT INTO `tbl_nilai` VALUES (127, 1, 4, 22, 76, 80, 78);
INSERT INTO `tbl_nilai` VALUES (128, 1, 4, 23, 80, 80, 80);
INSERT INTO `tbl_nilai` VALUES (129, 1, 4, 24, 87, 90, 88.5);
INSERT INTO `tbl_nilai` VALUES (130, 1, 4, 25, 81, 88, 84.5);
INSERT INTO `tbl_nilai` VALUES (131, 1, 4, 26, 79, 85, 82);
INSERT INTO `tbl_nilai` VALUES (132, 1, 4, 27, 82, 76, 79);
INSERT INTO `tbl_nilai` VALUES (133, 1, 4, 28, 69, 70, 69.5);
INSERT INTO `tbl_nilai` VALUES (134, 1, 4, 29, 80, 88, 84);
INSERT INTO `tbl_nilai` VALUES (135, 1, 4, 30, 77, 78, 77.5);
INSERT INTO `tbl_nilai` VALUES (136, 1, 4, 31, 78, 78, 78);
INSERT INTO `tbl_nilai` VALUES (137, 1, 4, 32, 85, 90, 87.5);
INSERT INTO `tbl_nilai` VALUES (138, 1, 4, 33, 77, 85, 81);
INSERT INTO `tbl_nilai` VALUES (139, 1, 4, 34, 78, 85, 81.5);
INSERT INTO `tbl_nilai` VALUES (140, 1, 4, 35, 76, 70, 73);
INSERT INTO `tbl_nilai` VALUES (141, 1, 5, 1, 77, 79, 78);
INSERT INTO `tbl_nilai` VALUES (142, 1, 5, 2, 90, 93, 91.5);
INSERT INTO `tbl_nilai` VALUES (143, 1, 5, 3, 82, 91, 86.5);
INSERT INTO `tbl_nilai` VALUES (144, 1, 5, 4, 78, 83, 80.5);
INSERT INTO `tbl_nilai` VALUES (145, 1, 5, 5, 83, 83, 83);
INSERT INTO `tbl_nilai` VALUES (146, 1, 5, 6, 77, 83, 80);
INSERT INTO `tbl_nilai` VALUES (147, 1, 5, 7, 81, 93, 87);
INSERT INTO `tbl_nilai` VALUES (148, 1, 5, 8, 82, 88, 85);
INSERT INTO `tbl_nilai` VALUES (149, 1, 5, 9, 77, 83, 80);
INSERT INTO `tbl_nilai` VALUES (150, 1, 5, 10, 81, 85, 83);
INSERT INTO `tbl_nilai` VALUES (151, 1, 5, 11, 63, 76, 69.5);
INSERT INTO `tbl_nilai` VALUES (152, 1, 5, 12, 85, 92, 88.5);
INSERT INTO `tbl_nilai` VALUES (153, 1, 5, 13, 82, 93, 87.5);
INSERT INTO `tbl_nilai` VALUES (154, 1, 5, 14, 81, 83, 82);
INSERT INTO `tbl_nilai` VALUES (155, 1, 5, 15, 81, 88, 84.5);
INSERT INTO `tbl_nilai` VALUES (156, 1, 5, 16, 81, 89, 85);
INSERT INTO `tbl_nilai` VALUES (157, 1, 5, 17, 80, 86, 83);
INSERT INTO `tbl_nilai` VALUES (158, 1, 5, 18, 77, 83, 80);
INSERT INTO `tbl_nilai` VALUES (159, 1, 5, 19, 81, 91, 86);
INSERT INTO `tbl_nilai` VALUES (160, 1, 5, 20, 80, 91, 85.5);
INSERT INTO `tbl_nilai` VALUES (161, 1, 5, 21, 83, 83, 83);
INSERT INTO `tbl_nilai` VALUES (162, 1, 5, 22, 83, 83, 83);
INSERT INTO `tbl_nilai` VALUES (163, 1, 5, 23, 82, 83, 82.5);
INSERT INTO `tbl_nilai` VALUES (164, 1, 5, 24, 87, 93, 90);
INSERT INTO `tbl_nilai` VALUES (165, 1, 5, 25, 83, 92, 87.5);
INSERT INTO `tbl_nilai` VALUES (166, 1, 5, 26, 84, 93, 88.5);
INSERT INTO `tbl_nilai` VALUES (167, 1, 5, 27, 83, 90, 86.5);
INSERT INTO `tbl_nilai` VALUES (168, 1, 5, 28, 46, 76, 61);
INSERT INTO `tbl_nilai` VALUES (169, 1, 5, 29, 89, 93, 91);
INSERT INTO `tbl_nilai` VALUES (170, 1, 5, 30, 66, 76, 71);
INSERT INTO `tbl_nilai` VALUES (171, 1, 5, 31, 78, 88, 83);
INSERT INTO `tbl_nilai` VALUES (172, 1, 5, 32, 81, 93, 87);
INSERT INTO `tbl_nilai` VALUES (173, 1, 5, 33, 80, 83, 81.5);
INSERT INTO `tbl_nilai` VALUES (174, 1, 5, 34, 79, 87, 83);
INSERT INTO `tbl_nilai` VALUES (175, 1, 5, 35, 76, 83, 79.5);
INSERT INTO `tbl_nilai` VALUES (176, 1, 6, 1, 82, 80, 81);
INSERT INTO `tbl_nilai` VALUES (177, 1, 6, 2, 89, 86, 87.5);
INSERT INTO `tbl_nilai` VALUES (178, 1, 6, 3, 85, 81, 83);
INSERT INTO `tbl_nilai` VALUES (179, 1, 6, 4, 87, 80, 83.5);
INSERT INTO `tbl_nilai` VALUES (180, 1, 6, 5, 88, 82, 85);
INSERT INTO `tbl_nilai` VALUES (181, 1, 6, 6, 87, 85, 86);
INSERT INTO `tbl_nilai` VALUES (182, 1, 6, 7, 87, 84, 85.5);
INSERT INTO `tbl_nilai` VALUES (183, 1, 6, 8, 85, 82, 83.5);
INSERT INTO `tbl_nilai` VALUES (184, 1, 6, 9, 79, 80, 79.5);
INSERT INTO `tbl_nilai` VALUES (185, 1, 6, 10, 87, 85, 86);
INSERT INTO `tbl_nilai` VALUES (186, 1, 6, 11, 84, 80, 82);
INSERT INTO `tbl_nilai` VALUES (187, 1, 6, 12, 86, 87, 86.5);
INSERT INTO `tbl_nilai` VALUES (188, 1, 6, 13, 85, 85, 85);
INSERT INTO `tbl_nilai` VALUES (189, 1, 6, 14, 86, 85, 85.5);
INSERT INTO `tbl_nilai` VALUES (190, 1, 6, 15, 87, 90, 88.5);
INSERT INTO `tbl_nilai` VALUES (191, 1, 6, 16, 84, 85, 84.5);
INSERT INTO `tbl_nilai` VALUES (192, 1, 6, 17, 87, 90, 88.5);
INSERT INTO `tbl_nilai` VALUES (193, 1, 6, 18, 81, 82, 81.5);
INSERT INTO `tbl_nilai` VALUES (194, 1, 6, 19, 85, 81, 83);
INSERT INTO `tbl_nilai` VALUES (195, 1, 6, 20, 81, 85, 83);
INSERT INTO `tbl_nilai` VALUES (196, 1, 6, 21, 86, 85, 85.5);
INSERT INTO `tbl_nilai` VALUES (197, 1, 6, 22, 82, 82, 82);
INSERT INTO `tbl_nilai` VALUES (198, 1, 6, 23, 85, 81, 83);
INSERT INTO `tbl_nilai` VALUES (199, 1, 6, 24, 87, 85, 86);
INSERT INTO `tbl_nilai` VALUES (200, 1, 6, 25, 86, 88, 87);
INSERT INTO `tbl_nilai` VALUES (201, 1, 6, 26, 85, 85, 85);
INSERT INTO `tbl_nilai` VALUES (202, 1, 6, 27, 84, 82, 83);
INSERT INTO `tbl_nilai` VALUES (203, 1, 6, 28, 81, 80, 80.5);
INSERT INTO `tbl_nilai` VALUES (204, 1, 6, 29, 84, 82, 83);
INSERT INTO `tbl_nilai` VALUES (205, 1, 6, 30, 80, 80, 80);
INSERT INTO `tbl_nilai` VALUES (206, 1, 6, 31, 81, 81, 81);
INSERT INTO `tbl_nilai` VALUES (207, 1, 6, 32, 84, 85, 84.5);
INSERT INTO `tbl_nilai` VALUES (208, 1, 6, 33, 83, 83, 83);
INSERT INTO `tbl_nilai` VALUES (209, 1, 6, 34, 84, 85, 84.5);
INSERT INTO `tbl_nilai` VALUES (210, 1, 6, 35, 79, 80, 79.5);
INSERT INTO `tbl_nilai` VALUES (211, 1, 7, 1, 87, 95, 91);
INSERT INTO `tbl_nilai` VALUES (212, 1, 7, 2, 93, 98, 95.5);
INSERT INTO `tbl_nilai` VALUES (213, 1, 7, 3, 89, 95, 92);
INSERT INTO `tbl_nilai` VALUES (214, 1, 7, 4, 88, 98, 93);
INSERT INTO `tbl_nilai` VALUES (215, 1, 7, 5, 87, 95, 91);
INSERT INTO `tbl_nilai` VALUES (216, 1, 7, 6, 89, 95, 92);
INSERT INTO `tbl_nilai` VALUES (217, 1, 7, 7, 89, 95, 92);
INSERT INTO `tbl_nilai` VALUES (218, 1, 7, 8, 88, 98, 93);
INSERT INTO `tbl_nilai` VALUES (219, 1, 7, 9, 85, 95, 90);
INSERT INTO `tbl_nilai` VALUES (220, 1, 7, 10, 88, 95, 91.5);
INSERT INTO `tbl_nilai` VALUES (221, 1, 7, 11, 87, 95, 91);
INSERT INTO `tbl_nilai` VALUES (222, 1, 7, 12, 87, 95, 91);
INSERT INTO `tbl_nilai` VALUES (223, 1, 7, 13, 88, 98, 93);
INSERT INTO `tbl_nilai` VALUES (224, 1, 7, 14, 90, 95, 92.5);
INSERT INTO `tbl_nilai` VALUES (225, 1, 7, 15, 88, 95, 91.5);
INSERT INTO `tbl_nilai` VALUES (226, 1, 7, 16, 88, 95, 91.5);
INSERT INTO `tbl_nilai` VALUES (227, 1, 7, 17, 91, 98, 94.5);
INSERT INTO `tbl_nilai` VALUES (228, 1, 7, 18, 87, 95, 91);
INSERT INTO `tbl_nilai` VALUES (229, 1, 7, 19, 88, 95, 91.5);
INSERT INTO `tbl_nilai` VALUES (230, 1, 7, 20, 90, 95, 92.5);
INSERT INTO `tbl_nilai` VALUES (231, 1, 7, 21, 88, 98, 93);
INSERT INTO `tbl_nilai` VALUES (232, 1, 7, 22, 87, 95, 91);
INSERT INTO `tbl_nilai` VALUES (233, 1, 7, 23, 87, 95, 91);
INSERT INTO `tbl_nilai` VALUES (234, 1, 7, 24, 89, 95, 92);
INSERT INTO `tbl_nilai` VALUES (235, 1, 7, 25, 90, 98, 94);
INSERT INTO `tbl_nilai` VALUES (236, 1, 7, 26, 90, 98, 94);
INSERT INTO `tbl_nilai` VALUES (237, 1, 7, 27, 92, 95, 93.5);
INSERT INTO `tbl_nilai` VALUES (238, 1, 7, 28, 86, 95, 90.5);
INSERT INTO `tbl_nilai` VALUES (239, 1, 7, 29, 87, 95, 91);
INSERT INTO `tbl_nilai` VALUES (240, 1, 7, 30, 87, 95, 91);
INSERT INTO `tbl_nilai` VALUES (241, 1, 7, 31, 87, 95, 91);
INSERT INTO `tbl_nilai` VALUES (242, 1, 7, 32, 87, 95, 91);
INSERT INTO `tbl_nilai` VALUES (243, 1, 7, 33, 88, 95, 91.5);
INSERT INTO `tbl_nilai` VALUES (244, 1, 7, 34, 87, 95, 91);
INSERT INTO `tbl_nilai` VALUES (245, 1, 7, 35, 86, 95, 90.5);
INSERT INTO `tbl_nilai` VALUES (246, 1, 8, 1, 80, 80, 80);
INSERT INTO `tbl_nilai` VALUES (247, 1, 8, 2, 83, 85, 84);
INSERT INTO `tbl_nilai` VALUES (248, 1, 8, 3, 80, 80, 80);
INSERT INTO `tbl_nilai` VALUES (249, 1, 8, 4, 80, 83, 81.5);
INSERT INTO `tbl_nilai` VALUES (250, 1, 8, 5, 82, 85, 83.5);
INSERT INTO `tbl_nilai` VALUES (251, 1, 8, 6, 82, 84, 83);
INSERT INTO `tbl_nilai` VALUES (252, 1, 8, 7, 82, 84, 83);
INSERT INTO `tbl_nilai` VALUES (253, 1, 8, 8, 80, 82, 81);
INSERT INTO `tbl_nilai` VALUES (254, 1, 8, 9, 80, 83, 81.5);
INSERT INTO `tbl_nilai` VALUES (255, 1, 8, 10, 85, 88, 86.5);
INSERT INTO `tbl_nilai` VALUES (256, 1, 8, 11, 82, 86, 84);
INSERT INTO `tbl_nilai` VALUES (257, 1, 8, 12, 81, 82, 81.5);
INSERT INTO `tbl_nilai` VALUES (258, 1, 8, 13, 83, 82, 82.5);
INSERT INTO `tbl_nilai` VALUES (259, 1, 8, 14, 83, 82, 82.5);
INSERT INTO `tbl_nilai` VALUES (260, 1, 8, 15, 81, 84, 82.5);
INSERT INTO `tbl_nilai` VALUES (261, 1, 8, 16, 81, 86, 83.5);
INSERT INTO `tbl_nilai` VALUES (262, 1, 8, 17, 81, 82, 81.5);
INSERT INTO `tbl_nilai` VALUES (263, 1, 8, 18, 80, 80, 80);
INSERT INTO `tbl_nilai` VALUES (264, 1, 8, 19, 81, 84, 82.5);
INSERT INTO `tbl_nilai` VALUES (265, 1, 8, 20, 80, 80, 80);
INSERT INTO `tbl_nilai` VALUES (266, 1, 8, 21, 81, 80, 80.5);
INSERT INTO `tbl_nilai` VALUES (267, 1, 8, 22, 82, 84, 83);
INSERT INTO `tbl_nilai` VALUES (268, 1, 8, 23, 82, 84, 83);
INSERT INTO `tbl_nilai` VALUES (269, 1, 8, 24, 82, 83, 82.5);
INSERT INTO `tbl_nilai` VALUES (270, 1, 8, 25, 82, 85, 83.5);
INSERT INTO `tbl_nilai` VALUES (271, 1, 8, 26, 81, 82, 81.5);
INSERT INTO `tbl_nilai` VALUES (272, 1, 8, 27, 80, 80, 80);
INSERT INTO `tbl_nilai` VALUES (273, 1, 8, 28, 81, 88, 84.5);
INSERT INTO `tbl_nilai` VALUES (274, 1, 8, 29, 80, 80, 80);
INSERT INTO `tbl_nilai` VALUES (275, 1, 8, 30, 81, 90, 85.5);
INSERT INTO `tbl_nilai` VALUES (276, 1, 8, 31, 81, 84, 82.5);
INSERT INTO `tbl_nilai` VALUES (277, 1, 8, 32, 81, 80, 80.5);
INSERT INTO `tbl_nilai` VALUES (278, 1, 8, 33, 83, 95, 89);
INSERT INTO `tbl_nilai` VALUES (279, 1, 8, 34, 81, 80, 80.5);
INSERT INTO `tbl_nilai` VALUES (280, 1, 8, 35, 80, 80, 80);
INSERT INTO `tbl_nilai` VALUES (281, 1, 9, 1, 82, 88, 85);
INSERT INTO `tbl_nilai` VALUES (282, 1, 9, 2, 91, 99, 95);
INSERT INTO `tbl_nilai` VALUES (283, 1, 9, 3, 87, 99, 93);
INSERT INTO `tbl_nilai` VALUES (284, 1, 9, 4, 81, 97, 89);
INSERT INTO `tbl_nilai` VALUES (285, 1, 9, 5, 83, 97, 90);
INSERT INTO `tbl_nilai` VALUES (286, 1, 9, 6, 83, 97, 90);
INSERT INTO `tbl_nilai` VALUES (287, 1, 9, 7, 85, 97, 91);
INSERT INTO `tbl_nilai` VALUES (288, 1, 9, 8, 80, 97, 88.5);
INSERT INTO `tbl_nilai` VALUES (289, 1, 9, 9, 80, 88, 84);
INSERT INTO `tbl_nilai` VALUES (290, 1, 9, 10, 81, 99, 90);
INSERT INTO `tbl_nilai` VALUES (291, 1, 9, 11, 80, 96, 88);
INSERT INTO `tbl_nilai` VALUES (292, 1, 9, 12, 82, 97, 89.5);
INSERT INTO `tbl_nilai` VALUES (293, 1, 9, 13, 86, 99, 92.5);
INSERT INTO `tbl_nilai` VALUES (294, 1, 9, 14, 80, 99, 89.5);
INSERT INTO `tbl_nilai` VALUES (295, 1, 9, 15, 85, 97, 91);
INSERT INTO `tbl_nilai` VALUES (296, 1, 9, 16, 81, 97, 89);
INSERT INTO `tbl_nilai` VALUES (297, 1, 9, 17, 85, 97, 91);
INSERT INTO `tbl_nilai` VALUES (298, 1, 9, 18, 80, 99, 89.5);
INSERT INTO `tbl_nilai` VALUES (299, 1, 9, 19, 81, 97, 89);
INSERT INTO `tbl_nilai` VALUES (300, 1, 9, 20, 80, 97, 88.5);
INSERT INTO `tbl_nilai` VALUES (301, 1, 9, 21, 84, 99, 91.5);
INSERT INTO `tbl_nilai` VALUES (302, 1, 9, 22, 83, 99, 91);
INSERT INTO `tbl_nilai` VALUES (303, 1, 9, 23, 83, 97, 90);
INSERT INTO `tbl_nilai` VALUES (304, 1, 9, 24, 85, 97, 91);
INSERT INTO `tbl_nilai` VALUES (305, 1, 9, 25, 89, 97, 93);
INSERT INTO `tbl_nilai` VALUES (306, 1, 9, 26, 83, 99, 91);
INSERT INTO `tbl_nilai` VALUES (307, 1, 9, 27, 83, 99, 91);
INSERT INTO `tbl_nilai` VALUES (308, 1, 9, 28, 80, 90, 85);
INSERT INTO `tbl_nilai` VALUES (309, 1, 9, 29, 83, 97, 90);
INSERT INTO `tbl_nilai` VALUES (310, 1, 9, 30, 80, 97, 88.5);
INSERT INTO `tbl_nilai` VALUES (311, 1, 9, 31, 80, 97, 88.5);
INSERT INTO `tbl_nilai` VALUES (312, 1, 9, 32, 78, 97, 87.5);
INSERT INTO `tbl_nilai` VALUES (313, 1, 9, 33, 81, 97, 89);
INSERT INTO `tbl_nilai` VALUES (314, 1, 9, 34, 81, 87, 84);
INSERT INTO `tbl_nilai` VALUES (315, 1, 9, 35, 81, 80, 80.5);
INSERT INTO `tbl_nilai` VALUES (316, 1, 12, 1, 76, 80, 78);
INSERT INTO `tbl_nilai` VALUES (317, 1, 12, 2, 94, 94, 94);
INSERT INTO `tbl_nilai` VALUES (318, 1, 12, 3, 80, 80, 80);
INSERT INTO `tbl_nilai` VALUES (319, 1, 12, 4, 78, 80, 79);
INSERT INTO `tbl_nilai` VALUES (320, 1, 12, 5, 78, 80, 79);
INSERT INTO `tbl_nilai` VALUES (321, 1, 12, 6, 80, 80, 80);
INSERT INTO `tbl_nilai` VALUES (322, 1, 12, 7, 80, 80, 80);
INSERT INTO `tbl_nilai` VALUES (323, 1, 12, 8, 79, 80, 79.5);
INSERT INTO `tbl_nilai` VALUES (324, 1, 12, 9, 75, 80, 77.5);
INSERT INTO `tbl_nilai` VALUES (325, 1, 12, 10, 78, 80, 79);
INSERT INTO `tbl_nilai` VALUES (326, 1, 12, 11, 61, 76, 68.5);
INSERT INTO `tbl_nilai` VALUES (327, 1, 12, 12, 80, 85, 82.5);
INSERT INTO `tbl_nilai` VALUES (328, 1, 12, 13, 85, 90, 87.5);
INSERT INTO `tbl_nilai` VALUES (329, 1, 12, 14, 77, 80, 78.5);
INSERT INTO `tbl_nilai` VALUES (330, 1, 12, 15, 86, 88, 87);
INSERT INTO `tbl_nilai` VALUES (331, 1, 12, 16, 78, 80, 79);
INSERT INTO `tbl_nilai` VALUES (332, 1, 12, 17, 81, 83, 82);
INSERT INTO `tbl_nilai` VALUES (333, 1, 12, 18, 77, 80, 78.5);
INSERT INTO `tbl_nilai` VALUES (334, 1, 12, 19, 77, 80, 78.5);
INSERT INTO `tbl_nilai` VALUES (335, 1, 12, 20, 78, 80, 79);
INSERT INTO `tbl_nilai` VALUES (336, 1, 12, 21, 80, 80, 80);
INSERT INTO `tbl_nilai` VALUES (337, 1, 12, 22, 78, 80, 79);
INSERT INTO `tbl_nilai` VALUES (338, 1, 12, 23, 81, 82, 81.5);
INSERT INTO `tbl_nilai` VALUES (339, 1, 12, 24, 88, 90, 89);
INSERT INTO `tbl_nilai` VALUES (340, 1, 12, 25, 89, 90, 89.5);
INSERT INTO `tbl_nilai` VALUES (341, 1, 12, 26, 78, 80, 79);
INSERT INTO `tbl_nilai` VALUES (342, 1, 12, 27, 83, 83, 83);
INSERT INTO `tbl_nilai` VALUES (343, 1, 12, 28, 65, 76, 70.5);
INSERT INTO `tbl_nilai` VALUES (344, 1, 12, 29, 80, 80, 80);
INSERT INTO `tbl_nilai` VALUES (345, 1, 12, 30, 76, 80, 78);
INSERT INTO `tbl_nilai` VALUES (346, 1, 12, 31, 76, 80, 78);
INSERT INTO `tbl_nilai` VALUES (347, 1, 12, 32, 93, 93, 93);
INSERT INTO `tbl_nilai` VALUES (348, 1, 12, 33, 81, 82, 81.5);
INSERT INTO `tbl_nilai` VALUES (349, 1, 12, 34, 78, 80, 79);
INSERT INTO `tbl_nilai` VALUES (350, 1, 12, 35, 61, 76, 68.5);
INSERT INTO `tbl_nilai` VALUES (351, 1, 31, 1, 76, 78, 77);
INSERT INTO `tbl_nilai` VALUES (352, 1, 31, 2, 87, 88, 87.5);
INSERT INTO `tbl_nilai` VALUES (353, 1, 31, 3, 80, 85, 82.5);
INSERT INTO `tbl_nilai` VALUES (354, 1, 31, 4, 78, 85, 81.5);
INSERT INTO `tbl_nilai` VALUES (355, 1, 31, 5, 80, 85, 82.5);
INSERT INTO `tbl_nilai` VALUES (356, 1, 31, 6, 81, 85, 83);
INSERT INTO `tbl_nilai` VALUES (357, 1, 31, 7, 80, 86, 83);
INSERT INTO `tbl_nilai` VALUES (358, 1, 31, 8, 79, 80, 79.5);
INSERT INTO `tbl_nilai` VALUES (359, 1, 31, 9, 76, 78, 77);
INSERT INTO `tbl_nilai` VALUES (360, 1, 13, 10, 79, 85, 82);
INSERT INTO `tbl_nilai` VALUES (361, 1, 13, 11, 76, 78, 77);
INSERT INTO `tbl_nilai` VALUES (362, 1, 13, 12, 80, 88, 84);
INSERT INTO `tbl_nilai` VALUES (363, 1, 13, 13, 83, 88, 85.5);
INSERT INTO `tbl_nilai` VALUES (364, 1, 13, 14, 79, 84, 81.5);
INSERT INTO `tbl_nilai` VALUES (365, 1, 13, 15, 85, 88, 86.5);
INSERT INTO `tbl_nilai` VALUES (366, 1, 13, 16, 77, 83, 80);
INSERT INTO `tbl_nilai` VALUES (367, 1, 13, 17, 83, 88, 85.5);
INSERT INTO `tbl_nilai` VALUES (368, 1, 13, 18, 77, 83, 80);
INSERT INTO `tbl_nilai` VALUES (369, 1, 13, 19, 77, 80, 78.5);
INSERT INTO `tbl_nilai` VALUES (370, 1, 13, 20, 77, 84, 80.5);
INSERT INTO `tbl_nilai` VALUES (371, 1, 13, 21, 83, 85, 84);
INSERT INTO `tbl_nilai` VALUES (372, 1, 13, 22, 77, 82, 79.5);
INSERT INTO `tbl_nilai` VALUES (373, 1, 13, 23, 83, 85, 84);
INSERT INTO `tbl_nilai` VALUES (374, 1, 13, 24, 83, 85, 84);
INSERT INTO `tbl_nilai` VALUES (375, 1, 13, 25, 84, 86, 85);
INSERT INTO `tbl_nilai` VALUES (376, 1, 13, 26, 81, 85, 83);
INSERT INTO `tbl_nilai` VALUES (377, 1, 13, 27, 84, 86, 85);
INSERT INTO `tbl_nilai` VALUES (378, 1, 13, 28, 76, 77, 76.5);
INSERT INTO `tbl_nilai` VALUES (379, 1, 13, 29, 81, 87, 84);
INSERT INTO `tbl_nilai` VALUES (380, 1, 13, 30, 76, 80, 78);
INSERT INTO `tbl_nilai` VALUES (381, 1, 13, 31, 76, 78, 77);
INSERT INTO `tbl_nilai` VALUES (382, 1, 13, 32, 83, 88, 85.5);
INSERT INTO `tbl_nilai` VALUES (383, 1, 13, 33, 79, 85, 82);
INSERT INTO `tbl_nilai` VALUES (384, 1, 13, 34, 78, 84, 81);
INSERT INTO `tbl_nilai` VALUES (385, 1, 13, 35, 75, 77, 76);
INSERT INTO `tbl_nilai` VALUES (386, 1, 13, 1, 76, 76, 76);
INSERT INTO `tbl_nilai` VALUES (387, 1, 13, 2, 77, 80, 78.5);
INSERT INTO `tbl_nilai` VALUES (388, 1, 13, 3, 76, 76, 76);
INSERT INTO `tbl_nilai` VALUES (389, 1, 13, 4, 76, 76, 76);
INSERT INTO `tbl_nilai` VALUES (390, 1, 13, 5, 76, 80, 78);
INSERT INTO `tbl_nilai` VALUES (391, 1, 13, 6, 79, 85, 82);
INSERT INTO `tbl_nilai` VALUES (392, 1, 13, 7, 76, 80, 78);
INSERT INTO `tbl_nilai` VALUES (393, 1, 13, 8, 76, 76, 76);
INSERT INTO `tbl_nilai` VALUES (394, 1, 13, 9, 76, 80, 78);
INSERT INTO `tbl_nilai` VALUES (395, 1, 13, 10, 76, 76, 76);
INSERT INTO `tbl_nilai` VALUES (396, 1, 13, 11, 76, 80, 78);
INSERT INTO `tbl_nilai` VALUES (397, 1, 13, 12, 77, 76, 76.5);
INSERT INTO `tbl_nilai` VALUES (398, 1, 13, 13, 76, 76, 76);
INSERT INTO `tbl_nilai` VALUES (399, 1, 13, 14, 82, 85, 83.5);
INSERT INTO `tbl_nilai` VALUES (400, 1, 13, 15, 76, 76, 76);
INSERT INTO `tbl_nilai` VALUES (401, 1, 13, 16, 76, 77, 76.5);
INSERT INTO `tbl_nilai` VALUES (402, 1, 13, 17, 77, 76, 76.5);
INSERT INTO `tbl_nilai` VALUES (403, 1, 13, 18, 76, 76, 76);
INSERT INTO `tbl_nilai` VALUES (404, 1, 13, 19, 76, 76, 76);
INSERT INTO `tbl_nilai` VALUES (405, 1, 13, 20, 77, 76, 76.5);
INSERT INTO `tbl_nilai` VALUES (406, 1, 13, 21, 76, 80, 78);
INSERT INTO `tbl_nilai` VALUES (407, 1, 13, 22, 78, 76, 77);
INSERT INTO `tbl_nilai` VALUES (408, 1, 13, 23, 79, 80, 79.5);
INSERT INTO `tbl_nilai` VALUES (409, 1, 13, 24, 78, 85, 81.5);
INSERT INTO `tbl_nilai` VALUES (410, 1, 13, 25, 79, 85, 82);
INSERT INTO `tbl_nilai` VALUES (411, 1, 13, 26, 80, 85, 82.5);
INSERT INTO `tbl_nilai` VALUES (412, 1, 13, 27, 80, 85, 82.5);
INSERT INTO `tbl_nilai` VALUES (413, 1, 13, 28, 76, 76, 76);
INSERT INTO `tbl_nilai` VALUES (414, 1, 13, 29, 80, 85, 82.5);
INSERT INTO `tbl_nilai` VALUES (415, 1, 13, 30, 77, 76, 76.5);
INSERT INTO `tbl_nilai` VALUES (416, 1, 13, 31, 76, 76, 76);
INSERT INTO `tbl_nilai` VALUES (417, 1, 13, 32, 79, 80, 79.5);
INSERT INTO `tbl_nilai` VALUES (418, 1, 13, 33, 77, 80, 78.5);
INSERT INTO `tbl_nilai` VALUES (419, 1, 13, 34, 76, 76, 76);
INSERT INTO `tbl_nilai` VALUES (420, 1, 13, 35, 76, 76, 76);
INSERT INTO `tbl_nilai` VALUES (421, 1, 14, 1, 76, 76, 76);
INSERT INTO `tbl_nilai` VALUES (422, 1, 14, 2, 77, 80, 78.5);
INSERT INTO `tbl_nilai` VALUES (423, 1, 14, 3, 76, 76, 76);
INSERT INTO `tbl_nilai` VALUES (424, 1, 14, 4, 76, 76, 76);
INSERT INTO `tbl_nilai` VALUES (425, 1, 14, 5, 76, 80, 78);
INSERT INTO `tbl_nilai` VALUES (426, 1, 14, 6, 79, 85, 82);
INSERT INTO `tbl_nilai` VALUES (427, 1, 14, 7, 76, 80, 78);
INSERT INTO `tbl_nilai` VALUES (428, 1, 14, 8, 76, 76, 76);
INSERT INTO `tbl_nilai` VALUES (429, 1, 14, 9, 76, 80, 78);
INSERT INTO `tbl_nilai` VALUES (430, 1, 14, 10, 76, 76, 76);
INSERT INTO `tbl_nilai` VALUES (431, 1, 14, 11, 76, 80, 78);
INSERT INTO `tbl_nilai` VALUES (432, 1, 14, 12, 77, 76, 76.5);
INSERT INTO `tbl_nilai` VALUES (433, 1, 14, 13, 76, 76, 76);
INSERT INTO `tbl_nilai` VALUES (434, 1, 14, 14, 82, 85, 83.5);
INSERT INTO `tbl_nilai` VALUES (435, 1, 14, 15, 76, 76, 76);
INSERT INTO `tbl_nilai` VALUES (436, 1, 14, 16, 76, 77, 76.5);
INSERT INTO `tbl_nilai` VALUES (437, 1, 14, 17, 77, 76, 76.5);
INSERT INTO `tbl_nilai` VALUES (438, 1, 14, 18, 76, 76, 76);
INSERT INTO `tbl_nilai` VALUES (439, 1, 14, 19, 76, 76, 76);
INSERT INTO `tbl_nilai` VALUES (440, 1, 14, 20, 77, 76, 76.5);
INSERT INTO `tbl_nilai` VALUES (441, 1, 14, 21, 76, 80, 78);
INSERT INTO `tbl_nilai` VALUES (442, 1, 14, 22, 78, 76, 77);
INSERT INTO `tbl_nilai` VALUES (443, 1, 14, 23, 79, 80, 79.5);
INSERT INTO `tbl_nilai` VALUES (444, 1, 14, 24, 78, 85, 81.5);
INSERT INTO `tbl_nilai` VALUES (445, 1, 14, 25, 79, 85, 82);
INSERT INTO `tbl_nilai` VALUES (446, 1, 14, 26, 80, 85, 82.5);
INSERT INTO `tbl_nilai` VALUES (447, 1, 14, 27, 80, 85, 82.5);
INSERT INTO `tbl_nilai` VALUES (448, 1, 14, 28, 76, 76, 76);
INSERT INTO `tbl_nilai` VALUES (449, 1, 14, 29, 80, 85, 82.5);
INSERT INTO `tbl_nilai` VALUES (450, 1, 14, 30, 77, 76, 76.5);
INSERT INTO `tbl_nilai` VALUES (451, 1, 14, 31, 76, 76, 76);
INSERT INTO `tbl_nilai` VALUES (452, 1, 14, 32, 79, 80, 79.5);
INSERT INTO `tbl_nilai` VALUES (453, 1, 14, 33, 77, 80, 78.5);
INSERT INTO `tbl_nilai` VALUES (454, 1, 14, 34, 76, 76, 76);
INSERT INTO `tbl_nilai` VALUES (455, 1, 14, 35, 76, 76, 76);
INSERT INTO `tbl_nilai` VALUES (456, 1, 15, 1, 77, 80, 78.5);
INSERT INTO `tbl_nilai` VALUES (457, 1, 15, 2, 94, 91, 92.5);
INSERT INTO `tbl_nilai` VALUES (458, 1, 15, 3, 81, 88, 84.5);
INSERT INTO `tbl_nilai` VALUES (459, 1, 15, 4, 79, 82, 80.5);
INSERT INTO `tbl_nilai` VALUES (460, 1, 15, 5, 77, 82, 79.5);
INSERT INTO `tbl_nilai` VALUES (461, 1, 15, 6, 80, 89, 84.5);
INSERT INTO `tbl_nilai` VALUES (462, 1, 15, 7, 82, 87, 84.5);
INSERT INTO `tbl_nilai` VALUES (463, 1, 15, 8, 78, 88, 83);
INSERT INTO `tbl_nilai` VALUES (464, 1, 15, 9, 77, 80, 78.5);
INSERT INTO `tbl_nilai` VALUES (465, 1, 15, 10, 78, 85, 81.5);
INSERT INTO `tbl_nilai` VALUES (466, 1, 15, 11, 77, 81, 79);
INSERT INTO `tbl_nilai` VALUES (467, 1, 15, 12, 84, 89, 86.5);
INSERT INTO `tbl_nilai` VALUES (468, 1, 15, 13, 89, 90, 89.5);
INSERT INTO `tbl_nilai` VALUES (469, 1, 15, 14, 80, 86, 83);
INSERT INTO `tbl_nilai` VALUES (470, 1, 15, 15, 86, 88, 87);
INSERT INTO `tbl_nilai` VALUES (471, 1, 15, 16, 80, 83, 81.5);
INSERT INTO `tbl_nilai` VALUES (472, 1, 15, 17, 82, 91, 86.5);
INSERT INTO `tbl_nilai` VALUES (473, 1, 15, 18, 77, 80, 78.5);
INSERT INTO `tbl_nilai` VALUES (474, 1, 15, 19, 80, 82, 81);
INSERT INTO `tbl_nilai` VALUES (475, 1, 15, 20, 77, 85, 81);
INSERT INTO `tbl_nilai` VALUES (476, 1, 15, 21, 81, 87, 84);
INSERT INTO `tbl_nilai` VALUES (477, 1, 15, 22, 82, 83, 82.5);
INSERT INTO `tbl_nilai` VALUES (478, 1, 15, 23, 82, 88, 85);
INSERT INTO `tbl_nilai` VALUES (479, 1, 15, 24, 90, 90, 90);
INSERT INTO `tbl_nilai` VALUES (480, 1, 15, 25, 88, 88, 88);
INSERT INTO `tbl_nilai` VALUES (481, 1, 15, 26, 82, 88, 85);
INSERT INTO `tbl_nilai` VALUES (482, 1, 15, 27, 81, 86, 83.5);
INSERT INTO `tbl_nilai` VALUES (483, 1, 15, 28, 76, 80, 78);
INSERT INTO `tbl_nilai` VALUES (484, 1, 15, 29, 86, 86, 86);
INSERT INTO `tbl_nilai` VALUES (485, 1, 15, 30, 77, 80, 78.5);
INSERT INTO `tbl_nilai` VALUES (486, 1, 15, 31, 77, 82, 79.5);
INSERT INTO `tbl_nilai` VALUES (487, 1, 15, 32, 88, 90, 89);
INSERT INTO `tbl_nilai` VALUES (488, 1, 15, 33, 83, 89, 86);
INSERT INTO `tbl_nilai` VALUES (489, 1, 15, 34, 79, 83, 81);
INSERT INTO `tbl_nilai` VALUES (490, 1, 15, 35, 76, 80, 78);
INSERT INTO `tbl_nilai` VALUES (491, 1, 10, 1, 79, 78, 78.5);
INSERT INTO `tbl_nilai` VALUES (492, 1, 10, 2, 88, 87, 87.5);
INSERT INTO `tbl_nilai` VALUES (493, 1, 10, 3, 83, 82, 82.5);
INSERT INTO `tbl_nilai` VALUES (494, 1, 10, 4, 85, 79, 82);
INSERT INTO `tbl_nilai` VALUES (495, 1, 10, 5, 81, 83, 82);
INSERT INTO `tbl_nilai` VALUES (496, 1, 10, 6, 84, 84, 84);
INSERT INTO `tbl_nilai` VALUES (497, 1, 10, 7, 81, 82, 81.5);
INSERT INTO `tbl_nilai` VALUES (498, 1, 10, 8, 78, 78, 78);
INSERT INTO `tbl_nilai` VALUES (499, 1, 10, 9, 84, 85, 84.5);
INSERT INTO `tbl_nilai` VALUES (500, 1, 10, 10, 79, 78, 78.5);
INSERT INTO `tbl_nilai` VALUES (501, 1, 10, 11, 87, 82, 84.5);
INSERT INTO `tbl_nilai` VALUES (502, 1, 10, 12, 83, 83, 83);
INSERT INTO `tbl_nilai` VALUES (503, 1, 10, 13, 82, 82, 82);
INSERT INTO `tbl_nilai` VALUES (504, 1, 10, 14, 84, 85, 84.5);
INSERT INTO `tbl_nilai` VALUES (505, 1, 10, 15, 81, 82, 81.5);
INSERT INTO `tbl_nilai` VALUES (506, 1, 10, 16, 83, 85, 84);
INSERT INTO `tbl_nilai` VALUES (507, 1, 10, 17, 82, 79, 80.5);
INSERT INTO `tbl_nilai` VALUES (508, 1, 10, 18, 80, 79, 79.5);
INSERT INTO `tbl_nilai` VALUES (509, 1, 10, 19, 82, 80, 81);
INSERT INTO `tbl_nilai` VALUES (510, 1, 10, 20, 81, 85, 83);
INSERT INTO `tbl_nilai` VALUES (511, 1, 10, 21, 80, 80, 80);
INSERT INTO `tbl_nilai` VALUES (512, 1, 10, 22, 82, 83, 82.5);
INSERT INTO `tbl_nilai` VALUES (513, 1, 10, 23, 85, 85, 85);
INSERT INTO `tbl_nilai` VALUES (514, 1, 10, 24, 81, 87, 84);
INSERT INTO `tbl_nilai` VALUES (515, 1, 10, 25, 82, 85, 83.5);
INSERT INTO `tbl_nilai` VALUES (516, 1, 10, 26, 82, 83, 82.5);
INSERT INTO `tbl_nilai` VALUES (517, 1, 10, 27, 79, 79, 79);
INSERT INTO `tbl_nilai` VALUES (518, 1, 10, 28, 81, 81, 81);
INSERT INTO `tbl_nilai` VALUES (519, 1, 10, 29, 79, 79, 79);
INSERT INTO `tbl_nilai` VALUES (520, 1, 10, 30, 80, 79, 79.5);
INSERT INTO `tbl_nilai` VALUES (521, 1, 10, 31, 80, 82, 81);
INSERT INTO `tbl_nilai` VALUES (522, 1, 10, 32, 80, 82, 81);
INSERT INTO `tbl_nilai` VALUES (523, 1, 10, 33, 81, 80, 80.5);
INSERT INTO `tbl_nilai` VALUES (524, 1, 10, 34, 80, 83, 81.5);
INSERT INTO `tbl_nilai` VALUES (525, 1, 10, 35, 79, 78, 78.5);
INSERT INTO `tbl_nilai` VALUES (526, 1, 11, 1, 77, 90, 83.5);
INSERT INTO `tbl_nilai` VALUES (527, 1, 11, 2, 98, 98, 98);
INSERT INTO `tbl_nilai` VALUES (528, 1, 11, 3, 86, 98, 92);
INSERT INTO `tbl_nilai` VALUES (529, 1, 11, 4, 87, 90, 88.5);
INSERT INTO `tbl_nilai` VALUES (530, 1, 11, 5, 84, 96, 90);
INSERT INTO `tbl_nilai` VALUES (531, 1, 11, 6, 91, 96, 93.5);
INSERT INTO `tbl_nilai` VALUES (532, 1, 11, 7, 92, 96, 94);
INSERT INTO `tbl_nilai` VALUES (533, 1, 11, 8, 78, 90, 84);
INSERT INTO `tbl_nilai` VALUES (534, 1, 11, 9, 76, 90, 83);
INSERT INTO `tbl_nilai` VALUES (535, 1, 11, 10, 81, 95, 88);
INSERT INTO `tbl_nilai` VALUES (536, 1, 11, 11, 78, 95, 86.5);
INSERT INTO `tbl_nilai` VALUES (537, 1, 11, 12, 89, 95, 92);
INSERT INTO `tbl_nilai` VALUES (538, 1, 11, 13, 93, 98, 95.5);
INSERT INTO `tbl_nilai` VALUES (539, 1, 11, 14, 88, 98, 93);
INSERT INTO `tbl_nilai` VALUES (540, 1, 11, 15, 87, 96, 91.5);
INSERT INTO `tbl_nilai` VALUES (541, 1, 11, 16, 82, 90, 86);
INSERT INTO `tbl_nilai` VALUES (542, 1, 11, 17, 89, 98, 93.5);
INSERT INTO `tbl_nilai` VALUES (543, 1, 11, 18, 77, 90, 83.5);
INSERT INTO `tbl_nilai` VALUES (544, 1, 11, 19, 78, 98, 88);
INSERT INTO `tbl_nilai` VALUES (545, 1, 11, 20, 91, 95, 93);
INSERT INTO `tbl_nilai` VALUES (546, 1, 11, 21, 80, 95, 87.5);
INSERT INTO `tbl_nilai` VALUES (547, 1, 11, 22, 78, 95, 86.5);
INSERT INTO `tbl_nilai` VALUES (548, 1, 11, 23, 84, 95, 89.5);
INSERT INTO `tbl_nilai` VALUES (549, 1, 11, 24, 91, 95, 93);
INSERT INTO `tbl_nilai` VALUES (550, 1, 11, 25, 90, 98, 94);
INSERT INTO `tbl_nilai` VALUES (551, 1, 11, 26, 86, 98, 92);
INSERT INTO `tbl_nilai` VALUES (552, 1, 11, 27, 90, 95, 92.5);
INSERT INTO `tbl_nilai` VALUES (553, 1, 11, 28, 76, 95, 85.5);
INSERT INTO `tbl_nilai` VALUES (554, 1, 11, 29, 84, 90, 87);
INSERT INTO `tbl_nilai` VALUES (555, 1, 11, 30, 77, 98, 87.5);
INSERT INTO `tbl_nilai` VALUES (556, 1, 11, 31, 78, 95, 86.5);
INSERT INTO `tbl_nilai` VALUES (557, 1, 11, 32, 91, 95, 93);
INSERT INTO `tbl_nilai` VALUES (558, 1, 11, 33, 80, 96, 88);
INSERT INTO `tbl_nilai` VALUES (559, 1, 11, 34, 79, 95, 87);
INSERT INTO `tbl_nilai` VALUES (560, 1, 11, 35, 32, 0, 16);
INSERT INTO `tbl_nilai` VALUES (561, 1, 1, 36, 98, 96, 97);
INSERT INTO `tbl_nilai` VALUES (562, 1, 1, 37, 92, 94, 93);
INSERT INTO `tbl_nilai` VALUES (563, 1, 1, 38, 91, 92, 91.5);
INSERT INTO `tbl_nilai` VALUES (564, 1, 1, 39, 94, 95, 94.5);
INSERT INTO `tbl_nilai` VALUES (565, 1, 1, 40, 98, 96, 97);
INSERT INTO `tbl_nilai` VALUES (566, 1, 1, 41, 92, 93, 92.5);
INSERT INTO `tbl_nilai` VALUES (567, 1, 1, 42, 92, 91, 91.5);
INSERT INTO `tbl_nilai` VALUES (568, 1, 1, 43, 91, 90, 90.5);
INSERT INTO `tbl_nilai` VALUES (569, 1, 1, 44, 92, 92, 92);
INSERT INTO `tbl_nilai` VALUES (570, 1, 1, 45, 99, 98, 98.5);
INSERT INTO `tbl_nilai` VALUES (571, 1, 1, 46, 91, 90, 90.5);
INSERT INTO `tbl_nilai` VALUES (572, 1, 1, 47, 93, 90, 91.5);
INSERT INTO `tbl_nilai` VALUES (573, 1, 1, 48, 91, 90, 90.5);
INSERT INTO `tbl_nilai` VALUES (574, 1, 1, 49, 90, 90, 90);
INSERT INTO `tbl_nilai` VALUES (575, 1, 1, 50, 99, 98, 98.5);
INSERT INTO `tbl_nilai` VALUES (576, 1, 1, 51, 90, 90, 90);
INSERT INTO `tbl_nilai` VALUES (577, 1, 1, 52, 91, 90, 90.5);
INSERT INTO `tbl_nilai` VALUES (578, 1, 1, 53, 90, 90, 90);
INSERT INTO `tbl_nilai` VALUES (579, 1, 1, 54, 91, 90, 90.5);
INSERT INTO `tbl_nilai` VALUES (580, 1, 1, 55, 90, 90, 90);
INSERT INTO `tbl_nilai` VALUES (581, 1, 1, 56, 91, 90, 90.5);
INSERT INTO `tbl_nilai` VALUES (582, 1, 1, 57, 92, 95, 93.5);
INSERT INTO `tbl_nilai` VALUES (583, 1, 1, 58, 91, 90, 90.5);
INSERT INTO `tbl_nilai` VALUES (584, 1, 1, 59, 91, 90, 90.5);
INSERT INTO `tbl_nilai` VALUES (585, 1, 1, 60, 92, 90, 91);
INSERT INTO `tbl_nilai` VALUES (586, 1, 1, 61, 91, 90, 90.5);
INSERT INTO `tbl_nilai` VALUES (587, 1, 1, 62, 91, 90, 90.5);
INSERT INTO `tbl_nilai` VALUES (588, 1, 1, 63, 98, 96, 97);
INSERT INTO `tbl_nilai` VALUES (589, 1, 1, 64, 91, 90, 90.5);
INSERT INTO `tbl_nilai` VALUES (590, 1, 1, 65, 91, 90, 90.5);
INSERT INTO `tbl_nilai` VALUES (591, 1, 1, 66, 91, 90, 90.5);
INSERT INTO `tbl_nilai` VALUES (592, 1, 1, 67, 92, 90, 91);
INSERT INTO `tbl_nilai` VALUES (593, 1, 1, 68, 91, 90, 90.5);
INSERT INTO `tbl_nilai` VALUES (594, 1, 2, 36, 86, 90, 88);
INSERT INTO `tbl_nilai` VALUES (595, 1, 2, 37, 82, 90, 86);
INSERT INTO `tbl_nilai` VALUES (596, 1, 2, 38, 81, 80, 80.5);
INSERT INTO `tbl_nilai` VALUES (597, 1, 2, 39, 84, 90, 87);
INSERT INTO `tbl_nilai` VALUES (598, 1, 2, 40, 89, 90, 89.5);
INSERT INTO `tbl_nilai` VALUES (599, 1, 2, 41, 88, 90, 89);
INSERT INTO `tbl_nilai` VALUES (600, 1, 2, 42, 87, 87, 87);
INSERT INTO `tbl_nilai` VALUES (601, 1, 2, 43, 87, 87, 87);
INSERT INTO `tbl_nilai` VALUES (602, 1, 2, 44, 85, 90, 87.5);
INSERT INTO `tbl_nilai` VALUES (603, 1, 2, 45, 92, 89, 90.5);
INSERT INTO `tbl_nilai` VALUES (604, 1, 2, 46, 87, 90, 88.5);
INSERT INTO `tbl_nilai` VALUES (605, 1, 2, 47, 87, 87, 87);
INSERT INTO `tbl_nilai` VALUES (606, 1, 2, 48, 87, 90, 88.5);
INSERT INTO `tbl_nilai` VALUES (607, 1, 2, 49, 90, 90, 90);
INSERT INTO `tbl_nilai` VALUES (608, 1, 2, 50, 85, 90, 87.5);
INSERT INTO `tbl_nilai` VALUES (609, 1, 2, 51, 84, 80, 82);
INSERT INTO `tbl_nilai` VALUES (610, 1, 2, 52, 87, 87, 87);
INSERT INTO `tbl_nilai` VALUES (611, 1, 2, 53, 83, 89, 86);
INSERT INTO `tbl_nilai` VALUES (612, 1, 2, 54, 88, 90, 89);
INSERT INTO `tbl_nilai` VALUES (613, 1, 2, 55, 82, 85, 83.5);
INSERT INTO `tbl_nilai` VALUES (614, 1, 2, 56, 91, 90, 90.5);
INSERT INTO `tbl_nilai` VALUES (615, 1, 2, 57, 87, 89, 88);
INSERT INTO `tbl_nilai` VALUES (616, 1, 2, 58, 91, 90, 90.5);
INSERT INTO `tbl_nilai` VALUES (617, 1, 2, 59, 84, 90, 87);
INSERT INTO `tbl_nilai` VALUES (618, 1, 2, 60, 91, 90, 90.5);
INSERT INTO `tbl_nilai` VALUES (619, 1, 2, 61, 88, 90, 89);
INSERT INTO `tbl_nilai` VALUES (620, 1, 2, 62, 88, 89, 88.5);
INSERT INTO `tbl_nilai` VALUES (621, 1, 2, 63, 82, 89, 85.5);
INSERT INTO `tbl_nilai` VALUES (622, 1, 2, 64, 90, 90, 90);
INSERT INTO `tbl_nilai` VALUES (623, 1, 2, 65, 89, 89, 89);
INSERT INTO `tbl_nilai` VALUES (624, 1, 2, 66, 91, 89, 90);
INSERT INTO `tbl_nilai` VALUES (625, 1, 2, 67, 91, 90, 90.5);
INSERT INTO `tbl_nilai` VALUES (626, 1, 2, 68, 84, 89, 86.5);
INSERT INTO `tbl_nilai` VALUES (627, 1, 3, 36, 86, 88, 87);
INSERT INTO `tbl_nilai` VALUES (628, 1, 3, 37, 81, 88, 84.5);
INSERT INTO `tbl_nilai` VALUES (629, 1, 3, 38, 81, 92, 86.5);
INSERT INTO `tbl_nilai` VALUES (630, 1, 3, 39, 84, 85, 84.5);
INSERT INTO `tbl_nilai` VALUES (631, 1, 3, 40, 82, 82, 82);
INSERT INTO `tbl_nilai` VALUES (632, 1, 3, 41, 88, 90, 89);
INSERT INTO `tbl_nilai` VALUES (633, 1, 3, 42, 81, 86, 83.5);
INSERT INTO `tbl_nilai` VALUES (634, 1, 3, 43, 81, 86, 83.5);
INSERT INTO `tbl_nilai` VALUES (635, 1, 3, 44, 82, 92, 87);
INSERT INTO `tbl_nilai` VALUES (636, 1, 3, 45, 85, 85, 85);
INSERT INTO `tbl_nilai` VALUES (637, 1, 3, 46, 84, 90, 87);
INSERT INTO `tbl_nilai` VALUES (638, 1, 3, 47, 86, 86, 86);
INSERT INTO `tbl_nilai` VALUES (639, 1, 3, 48, 83, 92, 87.5);
INSERT INTO `tbl_nilai` VALUES (640, 1, 3, 49, 85, 90, 87.5);
INSERT INTO `tbl_nilai` VALUES (641, 1, 3, 50, 85, 86, 85.5);
INSERT INTO `tbl_nilai` VALUES (642, 1, 3, 51, 83, 88, 85.5);
INSERT INTO `tbl_nilai` VALUES (643, 1, 3, 52, 84, 88, 86);
INSERT INTO `tbl_nilai` VALUES (644, 1, 3, 53, 80, 84, 82);
INSERT INTO `tbl_nilai` VALUES (645, 1, 3, 54, 85, 88, 86.5);
INSERT INTO `tbl_nilai` VALUES (646, 1, 3, 55, 81, 92, 86.5);
INSERT INTO `tbl_nilai` VALUES (647, 1, 3, 56, 84, 85, 84.5);
INSERT INTO `tbl_nilai` VALUES (648, 1, 3, 57, 84, 92, 88);
INSERT INTO `tbl_nilai` VALUES (649, 1, 3, 58, 83, 92, 87.5);
INSERT INTO `tbl_nilai` VALUES (650, 1, 3, 59, 83, 86, 84.5);
INSERT INTO `tbl_nilai` VALUES (651, 1, 3, 60, 84, 85, 84.5);
INSERT INTO `tbl_nilai` VALUES (652, 1, 3, 61, 86, 90, 88);
INSERT INTO `tbl_nilai` VALUES (653, 1, 3, 62, 83, 88, 85.5);
INSERT INTO `tbl_nilai` VALUES (654, 1, 3, 63, 81, 87, 84);
INSERT INTO `tbl_nilai` VALUES (655, 1, 3, 64, 84, 86, 85);
INSERT INTO `tbl_nilai` VALUES (656, 1, 3, 65, 81, 88, 84.5);
INSERT INTO `tbl_nilai` VALUES (657, 1, 3, 66, 85, 86, 85.5);
INSERT INTO `tbl_nilai` VALUES (658, 1, 3, 67, 84, 92, 88);
INSERT INTO `tbl_nilai` VALUES (659, 1, 3, 68, 81, 80, 80.5);
INSERT INTO `tbl_nilai` VALUES (660, 1, 4, 36, 83, 88, 85.5);
INSERT INTO `tbl_nilai` VALUES (661, 1, 4, 37, 77, 80, 78.5);
INSERT INTO `tbl_nilai` VALUES (662, 1, 4, 38, 76, 80, 78);
INSERT INTO `tbl_nilai` VALUES (663, 1, 4, 39, 80, 76, 78);
INSERT INTO `tbl_nilai` VALUES (664, 1, 4, 40, 80, 85, 82.5);
INSERT INTO `tbl_nilai` VALUES (665, 1, 4, 41, 85, 85, 85);
INSERT INTO `tbl_nilai` VALUES (666, 1, 4, 42, 80, 90, 85);
INSERT INTO `tbl_nilai` VALUES (667, 1, 4, 43, 79, 80, 79.5);
INSERT INTO `tbl_nilai` VALUES (668, 1, 4, 44, 77, 80, 78.5);
INSERT INTO `tbl_nilai` VALUES (669, 1, 4, 45, 79, 83, 81);
INSERT INTO `tbl_nilai` VALUES (670, 1, 4, 46, 80, 82, 81);
INSERT INTO `tbl_nilai` VALUES (671, 1, 4, 47, 83, 88, 85.5);
INSERT INTO `tbl_nilai` VALUES (672, 1, 4, 48, 80, 83, 81.5);
INSERT INTO `tbl_nilai` VALUES (673, 1, 4, 49, 81, 80, 80.5);
INSERT INTO `tbl_nilai` VALUES (674, 1, 4, 50, 81, 83, 82);
INSERT INTO `tbl_nilai` VALUES (675, 1, 4, 51, 80, 80, 80);
INSERT INTO `tbl_nilai` VALUES (676, 1, 4, 52, 81, 80, 80.5);
INSERT INTO `tbl_nilai` VALUES (677, 1, 4, 53, 76, 80, 78);
INSERT INTO `tbl_nilai` VALUES (678, 1, 4, 54, 78, 80, 79);
INSERT INTO `tbl_nilai` VALUES (679, 1, 4, 55, 77, 80, 78.5);
INSERT INTO `tbl_nilai` VALUES (680, 1, 4, 56, 78, 80, 79);
INSERT INTO `tbl_nilai` VALUES (681, 1, 4, 57, 77, 84, 80.5);
INSERT INTO `tbl_nilai` VALUES (682, 1, 4, 58, 80, 85, 82.5);
INSERT INTO `tbl_nilai` VALUES (683, 1, 4, 59, 77, 83, 80);
INSERT INTO `tbl_nilai` VALUES (684, 1, 4, 60, 78, 80, 79);
INSERT INTO `tbl_nilai` VALUES (685, 1, 4, 61, 77, 82, 79.5);
INSERT INTO `tbl_nilai` VALUES (686, 1, 4, 62, 77, 82, 79.5);
INSERT INTO `tbl_nilai` VALUES (687, 1, 4, 63, 76, 80, 78);
INSERT INTO `tbl_nilai` VALUES (688, 1, 4, 64, 77, 80, 78.5);
INSERT INTO `tbl_nilai` VALUES (689, 1, 4, 65, 78, 80, 79);
INSERT INTO `tbl_nilai` VALUES (690, 1, 4, 66, 77, 80, 78.5);
INSERT INTO `tbl_nilai` VALUES (691, 1, 4, 67, 81, 85, 83);
INSERT INTO `tbl_nilai` VALUES (692, 1, 4, 68, 22, 78, 50);
INSERT INTO `tbl_nilai` VALUES (693, 1, 5, 36, 78, 80, 79);
INSERT INTO `tbl_nilai` VALUES (694, 1, 5, 37, 79, 85, 82);
INSERT INTO `tbl_nilai` VALUES (695, 1, 5, 38, 76, 76, 76);
INSERT INTO `tbl_nilai` VALUES (696, 1, 5, 39, 79, 80, 79.5);
INSERT INTO `tbl_nilai` VALUES (697, 1, 5, 40, 79, 76, 77.5);
INSERT INTO `tbl_nilai` VALUES (698, 1, 5, 41, 78, 76, 77);
INSERT INTO `tbl_nilai` VALUES (699, 1, 5, 42, 80, 76, 78);
INSERT INTO `tbl_nilai` VALUES (700, 1, 5, 43, 80, 88, 84);
INSERT INTO `tbl_nilai` VALUES (701, 1, 5, 44, 80, 83, 81.5);
INSERT INTO `tbl_nilai` VALUES (702, 1, 5, 45, 82, 85, 83.5);
INSERT INTO `tbl_nilai` VALUES (703, 1, 5, 46, 80, 88, 84);
INSERT INTO `tbl_nilai` VALUES (704, 1, 5, 47, 81, 82, 81.5);
INSERT INTO `tbl_nilai` VALUES (705, 1, 5, 48, 77, 84, 80.5);
INSERT INTO `tbl_nilai` VALUES (706, 1, 5, 49, 80, 80, 80);
INSERT INTO `tbl_nilai` VALUES (707, 1, 5, 50, 78, 85, 81.5);
INSERT INTO `tbl_nilai` VALUES (708, 1, 5, 51, 76, 76, 76);
INSERT INTO `tbl_nilai` VALUES (709, 1, 5, 52, 79, 80, 79.5);
INSERT INTO `tbl_nilai` VALUES (710, 1, 5, 53, 80, 80, 80);
INSERT INTO `tbl_nilai` VALUES (711, 1, 5, 54, 80, 81, 80.5);
INSERT INTO `tbl_nilai` VALUES (712, 1, 5, 55, 80, 85, 82.5);
INSERT INTO `tbl_nilai` VALUES (713, 1, 5, 56, 81, 87, 84);
INSERT INTO `tbl_nilai` VALUES (714, 1, 5, 57, 78, 80, 79);
INSERT INTO `tbl_nilai` VALUES (715, 1, 5, 58, 80, 85, 82.5);
INSERT INTO `tbl_nilai` VALUES (716, 1, 5, 59, 78, 76, 77);
INSERT INTO `tbl_nilai` VALUES (717, 1, 5, 60, 80, 85, 82.5);
INSERT INTO `tbl_nilai` VALUES (718, 1, 5, 61, 82, 88, 85);
INSERT INTO `tbl_nilai` VALUES (719, 1, 5, 62, 80, 76, 78);
INSERT INTO `tbl_nilai` VALUES (720, 1, 5, 63, 79, 82, 80.5);
INSERT INTO `tbl_nilai` VALUES (721, 1, 5, 64, 80, 80, 80);
INSERT INTO `tbl_nilai` VALUES (722, 1, 5, 65, 81, 83, 82);
INSERT INTO `tbl_nilai` VALUES (723, 1, 5, 66, 79, 84, 81.5);
INSERT INTO `tbl_nilai` VALUES (724, 1, 5, 67, 82, 85, 83.5);
INSERT INTO `tbl_nilai` VALUES (725, 1, 5, 68, 79, 82, 80.5);
INSERT INTO `tbl_nilai` VALUES (726, 1, 6, 36, 81, 85, 83);
INSERT INTO `tbl_nilai` VALUES (727, 1, 6, 37, 79, 82, 80.5);
INSERT INTO `tbl_nilai` VALUES (728, 1, 6, 38, 77, 78, 77.5);
INSERT INTO `tbl_nilai` VALUES (729, 1, 6, 39, 80, 82, 81);
INSERT INTO `tbl_nilai` VALUES (730, 1, 6, 40, 80, 85, 82.5);
INSERT INTO `tbl_nilai` VALUES (731, 1, 6, 41, 81, 80, 80.5);
INSERT INTO `tbl_nilai` VALUES (732, 1, 6, 42, 80, 82, 81);
INSERT INTO `tbl_nilai` VALUES (733, 1, 6, 43, 83, 85, 84);
INSERT INTO `tbl_nilai` VALUES (734, 1, 6, 44, 79, 80, 79.5);
INSERT INTO `tbl_nilai` VALUES (735, 1, 6, 45, 80, 82, 81);
INSERT INTO `tbl_nilai` VALUES (736, 1, 6, 46, 80, 80, 80);
INSERT INTO `tbl_nilai` VALUES (737, 1, 6, 47, 85, 83, 84);
INSERT INTO `tbl_nilai` VALUES (738, 1, 6, 48, 85, 85, 85);
INSERT INTO `tbl_nilai` VALUES (739, 1, 6, 49, 81, 83, 82);
INSERT INTO `tbl_nilai` VALUES (740, 1, 6, 50, 80, 80, 80);
INSERT INTO `tbl_nilai` VALUES (741, 1, 6, 51, 79, 80, 79.5);
INSERT INTO `tbl_nilai` VALUES (742, 1, 6, 52, 80, 80, 80);
INSERT INTO `tbl_nilai` VALUES (743, 1, 6, 53, 81, 80, 80.5);
INSERT INTO `tbl_nilai` VALUES (744, 1, 6, 54, 84, 80, 82);
INSERT INTO `tbl_nilai` VALUES (745, 1, 6, 55, 79, 82, 80.5);
INSERT INTO `tbl_nilai` VALUES (746, 1, 6, 56, 84, 84, 84);
INSERT INTO `tbl_nilai` VALUES (747, 1, 6, 57, 83, 80, 81.5);
INSERT INTO `tbl_nilai` VALUES (748, 1, 6, 58, 86, 80, 83);
INSERT INTO `tbl_nilai` VALUES (749, 1, 6, 59, 84, 83, 83.5);
INSERT INTO `tbl_nilai` VALUES (750, 1, 6, 60, 83, 80, 81.5);
INSERT INTO `tbl_nilai` VALUES (751, 1, 6, 61, 82, 80, 81);
INSERT INTO `tbl_nilai` VALUES (752, 1, 6, 62, 80, 80, 80);
INSERT INTO `tbl_nilai` VALUES (753, 1, 6, 63, 78, 78, 78);
INSERT INTO `tbl_nilai` VALUES (754, 1, 6, 64, 83, 80, 81.5);
INSERT INTO `tbl_nilai` VALUES (755, 1, 6, 65, 81, 78, 79.5);
INSERT INTO `tbl_nilai` VALUES (756, 1, 6, 66, 84, 85, 84.5);
INSERT INTO `tbl_nilai` VALUES (757, 1, 6, 67, 83, 85, 84);
INSERT INTO `tbl_nilai` VALUES (758, 1, 6, 68, 82, 83, 82.5);
INSERT INTO `tbl_nilai` VALUES (759, 1, 7, 36, 96, 100, 98);
INSERT INTO `tbl_nilai` VALUES (760, 1, 7, 37, 95, 100, 97.5);
INSERT INTO `tbl_nilai` VALUES (761, 1, 7, 38, 93, 98, 95.5);
INSERT INTO `tbl_nilai` VALUES (762, 1, 7, 39, 97, 98, 97.5);
INSERT INTO `tbl_nilai` VALUES (763, 1, 7, 40, 97, 100, 98.5);
INSERT INTO `tbl_nilai` VALUES (764, 1, 7, 41, 98, 100, 99);
INSERT INTO `tbl_nilai` VALUES (765, 1, 7, 42, 97, 100, 98.5);
INSERT INTO `tbl_nilai` VALUES (766, 1, 7, 43, 96, 100, 98);
INSERT INTO `tbl_nilai` VALUES (767, 1, 7, 44, 96, 98, 97);
INSERT INTO `tbl_nilai` VALUES (768, 1, 7, 45, 99, 100, 99.5);
INSERT INTO `tbl_nilai` VALUES (769, 1, 7, 46, 97, 100, 98.5);
INSERT INTO `tbl_nilai` VALUES (770, 1, 7, 47, 99, 100, 99.5);
INSERT INTO `tbl_nilai` VALUES (771, 1, 7, 48, 96, 98, 97);
INSERT INTO `tbl_nilai` VALUES (772, 1, 7, 49, 95, 98, 96.5);
INSERT INTO `tbl_nilai` VALUES (773, 1, 7, 50, 99, 100, 99.5);
INSERT INTO `tbl_nilai` VALUES (774, 1, 7, 51, 95, 98, 96.5);
INSERT INTO `tbl_nilai` VALUES (775, 1, 7, 52, 96, 100, 98);
INSERT INTO `tbl_nilai` VALUES (776, 1, 7, 53, 95, 98, 96.5);
INSERT INTO `tbl_nilai` VALUES (777, 1, 7, 54, 97, 100, 98.5);
INSERT INTO `tbl_nilai` VALUES (778, 1, 7, 55, 96, 98, 97);
INSERT INTO `tbl_nilai` VALUES (779, 1, 7, 56, 96, 98, 97);
INSERT INTO `tbl_nilai` VALUES (780, 1, 7, 57, 96, 98, 97);
INSERT INTO `tbl_nilai` VALUES (781, 1, 7, 58, 98, 100, 99);
INSERT INTO `tbl_nilai` VALUES (782, 1, 7, 59, 97, 100, 98.5);
INSERT INTO `tbl_nilai` VALUES (783, 1, 7, 60, 96, 100, 98);
INSERT INTO `tbl_nilai` VALUES (784, 1, 7, 61, 98, 100, 99);
INSERT INTO `tbl_nilai` VALUES (785, 1, 7, 62, 96, 98, 97);
INSERT INTO `tbl_nilai` VALUES (786, 1, 7, 63, 95, 98, 96.5);
INSERT INTO `tbl_nilai` VALUES (787, 1, 7, 64, 96, 98, 97);
INSERT INTO `tbl_nilai` VALUES (788, 1, 7, 65, 98, 100, 99);
INSERT INTO `tbl_nilai` VALUES (789, 1, 7, 66, 99, 100, 99.5);
INSERT INTO `tbl_nilai` VALUES (790, 1, 7, 67, 98, 100, 99);
INSERT INTO `tbl_nilai` VALUES (791, 1, 7, 68, 95, 98, 96.5);
INSERT INTO `tbl_nilai` VALUES (792, 1, 8, 36, 81, 83, 82);
INSERT INTO `tbl_nilai` VALUES (793, 1, 8, 37, 81, 84, 82.5);
INSERT INTO `tbl_nilai` VALUES (794, 1, 8, 38, 80, 80, 80);
INSERT INTO `tbl_nilai` VALUES (795, 1, 8, 39, 82, 85, 83.5);
INSERT INTO `tbl_nilai` VALUES (796, 1, 8, 40, 82, 82, 82);
INSERT INTO `tbl_nilai` VALUES (797, 1, 8, 41, 81, 84, 82.5);
INSERT INTO `tbl_nilai` VALUES (798, 1, 8, 42, 83, 83, 83);
INSERT INTO `tbl_nilai` VALUES (799, 1, 8, 43, 81, 80, 80.5);
INSERT INTO `tbl_nilai` VALUES (800, 1, 8, 44, 80, 80, 80);
INSERT INTO `tbl_nilai` VALUES (801, 1, 8, 45, 83, 85, 84);
INSERT INTO `tbl_nilai` VALUES (802, 1, 8, 46, 81, 80, 80.5);
INSERT INTO `tbl_nilai` VALUES (803, 1, 8, 47, 82, 80, 81);
INSERT INTO `tbl_nilai` VALUES (804, 1, 8, 48, 82, 90, 86);
INSERT INTO `tbl_nilai` VALUES (805, 1, 8, 49, 82, 80, 81);
INSERT INTO `tbl_nilai` VALUES (806, 1, 8, 50, 80, 80, 80);
INSERT INTO `tbl_nilai` VALUES (807, 1, 8, 51, 81, 82, 81.5);
INSERT INTO `tbl_nilai` VALUES (808, 1, 8, 52, 81, 80, 80.5);
INSERT INTO `tbl_nilai` VALUES (809, 1, 8, 53, 80, 80, 80);
INSERT INTO `tbl_nilai` VALUES (810, 1, 8, 54, 84, 86, 85);
INSERT INTO `tbl_nilai` VALUES (811, 1, 8, 55, 81, 80, 80.5);
INSERT INTO `tbl_nilai` VALUES (812, 1, 8, 56, 83, 87, 85);
INSERT INTO `tbl_nilai` VALUES (813, 1, 8, 57, 83, 80, 81.5);
INSERT INTO `tbl_nilai` VALUES (814, 1, 8, 58, 81, 80, 80.5);
INSERT INTO `tbl_nilai` VALUES (815, 1, 8, 59, 82, 80, 81);
INSERT INTO `tbl_nilai` VALUES (816, 1, 8, 60, 83, 85, 84);
INSERT INTO `tbl_nilai` VALUES (817, 1, 8, 61, 83, 82, 82.5);
INSERT INTO `tbl_nilai` VALUES (818, 1, 8, 62, 80, 80, 80);
INSERT INTO `tbl_nilai` VALUES (819, 1, 8, 63, 82, 80, 81);
INSERT INTO `tbl_nilai` VALUES (820, 1, 8, 64, 80, 80, 80);
INSERT INTO `tbl_nilai` VALUES (821, 1, 8, 65, 82, 86, 84);
INSERT INTO `tbl_nilai` VALUES (822, 1, 8, 66, 83, 86, 84.5);
INSERT INTO `tbl_nilai` VALUES (823, 1, 8, 67, 82, 80, 81);
INSERT INTO `tbl_nilai` VALUES (824, 1, 8, 68, 81, 85, 83);
INSERT INTO `tbl_nilai` VALUES (825, 1, 9, 36, 81, 97, 89);
INSERT INTO `tbl_nilai` VALUES (826, 1, 9, 37, 80, 93, 86.5);
INSERT INTO `tbl_nilai` VALUES (827, 1, 9, 38, 80, 88, 84);
INSERT INTO `tbl_nilai` VALUES (828, 1, 9, 39, 80, 97, 88.5);
INSERT INTO `tbl_nilai` VALUES (829, 1, 9, 40, 71, 97, 84);
INSERT INTO `tbl_nilai` VALUES (830, 1, 9, 41, 79, 97, 88);
INSERT INTO `tbl_nilai` VALUES (831, 1, 9, 42, 71, 97, 84);
INSERT INTO `tbl_nilai` VALUES (832, 1, 9, 43, 80, 97, 88.5);
INSERT INTO `tbl_nilai` VALUES (833, 1, 9, 44, 81, 97, 89);
INSERT INTO `tbl_nilai` VALUES (834, 1, 9, 45, 82, 90, 86);
INSERT INTO `tbl_nilai` VALUES (835, 1, 9, 46, 74, 90, 82);
INSERT INTO `tbl_nilai` VALUES (836, 1, 9, 47, 80, 97, 88.5);
INSERT INTO `tbl_nilai` VALUES (837, 1, 9, 48, 81, 97, 89);
INSERT INTO `tbl_nilai` VALUES (838, 1, 9, 49, 84, 97, 90.5);
INSERT INTO `tbl_nilai` VALUES (839, 1, 9, 50, 80, 97, 88.5);
INSERT INTO `tbl_nilai` VALUES (840, 1, 9, 51, 80, 90, 85);
INSERT INTO `tbl_nilai` VALUES (841, 1, 9, 52, 80, 97, 88.5);
INSERT INTO `tbl_nilai` VALUES (842, 1, 9, 53, 80, 93, 86.5);
INSERT INTO `tbl_nilai` VALUES (843, 1, 9, 54, 81, 97, 89);
INSERT INTO `tbl_nilai` VALUES (844, 1, 9, 55, 80, 97, 88.5);
INSERT INTO `tbl_nilai` VALUES (845, 1, 9, 56, 81, 97, 89);
INSERT INTO `tbl_nilai` VALUES (846, 1, 9, 57, 83, 95, 89);
INSERT INTO `tbl_nilai` VALUES (847, 1, 9, 58, 81, 97, 89);
INSERT INTO `tbl_nilai` VALUES (848, 1, 9, 59, 82, 97, 89.5);
INSERT INTO `tbl_nilai` VALUES (849, 1, 9, 60, 83, 93, 88);
INSERT INTO `tbl_nilai` VALUES (850, 1, 9, 61, 80, 97, 88.5);
INSERT INTO `tbl_nilai` VALUES (851, 1, 9, 62, 84, 97, 90.5);
INSERT INTO `tbl_nilai` VALUES (852, 1, 9, 63, 80, 88, 84);
INSERT INTO `tbl_nilai` VALUES (853, 1, 9, 64, 80, 97, 88.5);
INSERT INTO `tbl_nilai` VALUES (854, 1, 9, 65, 80, 97, 88.5);
INSERT INTO `tbl_nilai` VALUES (855, 1, 9, 66, 85, 97, 91);
INSERT INTO `tbl_nilai` VALUES (856, 1, 9, 67, 80, 97, 88.5);
INSERT INTO `tbl_nilai` VALUES (857, 1, 9, 68, 80, 82, 81);
INSERT INTO `tbl_nilai` VALUES (858, 1, 12, 36, 81, 83, 82);
INSERT INTO `tbl_nilai` VALUES (859, 1, 12, 37, 78, 80, 79);
INSERT INTO `tbl_nilai` VALUES (860, 1, 12, 38, 76, 80, 78);
INSERT INTO `tbl_nilai` VALUES (861, 1, 12, 39, 80, 83, 81.5);
INSERT INTO `tbl_nilai` VALUES (862, 1, 12, 40, 77, 80, 78.5);
INSERT INTO `tbl_nilai` VALUES (863, 1, 12, 41, 86, 88, 87);
INSERT INTO `tbl_nilai` VALUES (864, 1, 12, 42, 83, 83, 83);
INSERT INTO `tbl_nilai` VALUES (865, 1, 12, 43, 77, 80, 78.5);
INSERT INTO `tbl_nilai` VALUES (866, 1, 12, 44, 78, 80, 79);
INSERT INTO `tbl_nilai` VALUES (867, 1, 12, 45, 80, 83, 81.5);
INSERT INTO `tbl_nilai` VALUES (868, 1, 12, 46, 77, 80, 78.5);
INSERT INTO `tbl_nilai` VALUES (869, 1, 12, 47, 85, 88, 86.5);
INSERT INTO `tbl_nilai` VALUES (870, 1, 12, 48, 80, 83, 81.5);
INSERT INTO `tbl_nilai` VALUES (871, 1, 12, 49, 83, 83, 83);
INSERT INTO `tbl_nilai` VALUES (872, 1, 12, 50, 77, 80, 78.5);
INSERT INTO `tbl_nilai` VALUES (873, 1, 12, 51, 76, 80, 78);
INSERT INTO `tbl_nilai` VALUES (874, 1, 12, 52, 80, 83, 81.5);
INSERT INTO `tbl_nilai` VALUES (875, 1, 12, 53, 77, 80, 78.5);
INSERT INTO `tbl_nilai` VALUES (876, 1, 12, 54, 77, 80, 78.5);
INSERT INTO `tbl_nilai` VALUES (877, 1, 12, 55, 78, 80, 79);
INSERT INTO `tbl_nilai` VALUES (878, 1, 12, 56, 80, 83, 81.5);
INSERT INTO `tbl_nilai` VALUES (879, 1, 12, 57, 77, 80, 78.5);
INSERT INTO `tbl_nilai` VALUES (880, 1, 12, 58, 78, 80, 79);
INSERT INTO `tbl_nilai` VALUES (881, 1, 12, 59, 78, 80, 79);
INSERT INTO `tbl_nilai` VALUES (882, 1, 12, 60, 77, 80, 78.5);
INSERT INTO `tbl_nilai` VALUES (883, 1, 12, 61, 85, 88, 86.5);
INSERT INTO `tbl_nilai` VALUES (884, 1, 12, 62, 76, 80, 78);
INSERT INTO `tbl_nilai` VALUES (885, 1, 12, 63, 76, 80, 78);
INSERT INTO `tbl_nilai` VALUES (886, 1, 12, 64, 78, 80, 79);
INSERT INTO `tbl_nilai` VALUES (887, 1, 12, 65, 77, 80, 78.5);
INSERT INTO `tbl_nilai` VALUES (888, 1, 12, 66, 79, 80, 79.5);
INSERT INTO `tbl_nilai` VALUES (889, 1, 12, 67, 78, 80, 79);
INSERT INTO `tbl_nilai` VALUES (890, 1, 12, 68, 76, 80, 78);
INSERT INTO `tbl_nilai` VALUES (891, 1, 13, 36, 81, 85, 83);
INSERT INTO `tbl_nilai` VALUES (892, 1, 13, 37, 77, 80, 78.5);
INSERT INTO `tbl_nilai` VALUES (893, 1, 13, 38, 77, 83, 80);
INSERT INTO `tbl_nilai` VALUES (894, 1, 13, 39, 82, 85, 83.5);
INSERT INTO `tbl_nilai` VALUES (895, 1, 13, 40, 80, 85, 82.5);
INSERT INTO `tbl_nilai` VALUES (896, 1, 13, 41, 85, 88, 86.5);
INSERT INTO `tbl_nilai` VALUES (897, 1, 13, 42, 80, 85, 82.5);
INSERT INTO `tbl_nilai` VALUES (898, 1, 13, 43, 77, 85, 81);
INSERT INTO `tbl_nilai` VALUES (899, 1, 13, 44, 77, 86, 81.5);
INSERT INTO `tbl_nilai` VALUES (900, 1, 13, 45, 80, 86, 83);
INSERT INTO `tbl_nilai` VALUES (901, 1, 13, 46, 83, 86, 84.5);
INSERT INTO `tbl_nilai` VALUES (902, 1, 13, 47, 84, 88, 86);
INSERT INTO `tbl_nilai` VALUES (903, 1, 13, 48, 77, 82, 79.5);
INSERT INTO `tbl_nilai` VALUES (904, 1, 13, 49, 81, 83, 82);
INSERT INTO `tbl_nilai` VALUES (905, 1, 13, 50, 78, 82, 80);
INSERT INTO `tbl_nilai` VALUES (906, 1, 13, 51, 76, 80, 78);
INSERT INTO `tbl_nilai` VALUES (907, 1, 13, 52, 80, 85, 82.5);
INSERT INTO `tbl_nilai` VALUES (908, 1, 13, 53, 76, 78, 77);
INSERT INTO `tbl_nilai` VALUES (909, 1, 13, 54, 77, 84, 80.5);
INSERT INTO `tbl_nilai` VALUES (910, 1, 13, 55, 77, 82, 79.5);
INSERT INTO `tbl_nilai` VALUES (911, 1, 13, 56, 82, 85, 83.5);
INSERT INTO `tbl_nilai` VALUES (912, 1, 13, 57, 77, 83, 80);
INSERT INTO `tbl_nilai` VALUES (913, 1, 13, 58, 82, 88, 85);
INSERT INTO `tbl_nilai` VALUES (914, 1, 13, 59, 77, 83, 80);
INSERT INTO `tbl_nilai` VALUES (915, 1, 13, 60, 77, 80, 78.5);
INSERT INTO `tbl_nilai` VALUES (916, 1, 13, 61, 80, 84, 82);
INSERT INTO `tbl_nilai` VALUES (917, 1, 13, 62, 80, 84, 82);
INSERT INTO `tbl_nilai` VALUES (918, 1, 13, 63, 77, 80, 78.5);
INSERT INTO `tbl_nilai` VALUES (919, 1, 13, 64, 78, 88, 83);
INSERT INTO `tbl_nilai` VALUES (920, 1, 13, 65, 76, 79, 77.5);
INSERT INTO `tbl_nilai` VALUES (921, 1, 13, 66, 80, 84, 82);
INSERT INTO `tbl_nilai` VALUES (922, 1, 13, 67, 81, 84, 82.5);
INSERT INTO `tbl_nilai` VALUES (923, 1, 13, 68, 76, 80, 78);
INSERT INTO `tbl_nilai` VALUES (924, 1, 14, 36, 76, 80, 78);
INSERT INTO `tbl_nilai` VALUES (925, 1, 14, 37, 76, 76, 76);
INSERT INTO `tbl_nilai` VALUES (926, 1, 14, 38, 76, 78, 77);
INSERT INTO `tbl_nilai` VALUES (927, 1, 14, 39, 77, 78, 77.5);
INSERT INTO `tbl_nilai` VALUES (928, 1, 14, 40, 76, 77, 76.5);
INSERT INTO `tbl_nilai` VALUES (929, 1, 14, 41, 81, 85, 83);
INSERT INTO `tbl_nilai` VALUES (930, 1, 14, 42, 76, 76, 76);
INSERT INTO `tbl_nilai` VALUES (931, 1, 14, 43, 76, 76, 76);
INSERT INTO `tbl_nilai` VALUES (932, 1, 14, 44, 76, 76, 76);
INSERT INTO `tbl_nilai` VALUES (933, 1, 14, 45, 76, 76, 76);
INSERT INTO `tbl_nilai` VALUES (934, 1, 14, 46, 76, 76, 76);
INSERT INTO `tbl_nilai` VALUES (935, 1, 14, 47, 79, 85, 82);
INSERT INTO `tbl_nilai` VALUES (936, 1, 14, 48, 76, 85, 80.5);
INSERT INTO `tbl_nilai` VALUES (937, 1, 14, 49, 76, 85, 80.5);
INSERT INTO `tbl_nilai` VALUES (938, 1, 14, 50, 77, 80, 78.5);
INSERT INTO `tbl_nilai` VALUES (939, 1, 14, 51, 76, 76, 76);
INSERT INTO `tbl_nilai` VALUES (940, 1, 14, 52, 76, 76, 76);
INSERT INTO `tbl_nilai` VALUES (941, 1, 14, 53, 76, 76, 76);
INSERT INTO `tbl_nilai` VALUES (942, 1, 14, 54, 76, 76, 76);
INSERT INTO `tbl_nilai` VALUES (943, 1, 14, 55, 76, 76, 76);
INSERT INTO `tbl_nilai` VALUES (944, 1, 14, 56, 76, 85, 80.5);
INSERT INTO `tbl_nilai` VALUES (945, 1, 14, 57, 76, 80, 78);
INSERT INTO `tbl_nilai` VALUES (946, 1, 14, 58, 76, 80, 78);
INSERT INTO `tbl_nilai` VALUES (947, 1, 14, 59, 76, 76, 76);
INSERT INTO `tbl_nilai` VALUES (948, 1, 14, 60, 76, 76, 76);
INSERT INTO `tbl_nilai` VALUES (949, 1, 14, 61, 77, 76, 76.5);
INSERT INTO `tbl_nilai` VALUES (950, 1, 14, 62, 76, 76, 76);
INSERT INTO `tbl_nilai` VALUES (951, 1, 14, 63, 76, 76, 76);
INSERT INTO `tbl_nilai` VALUES (952, 1, 14, 64, 78, 85, 81.5);
INSERT INTO `tbl_nilai` VALUES (953, 1, 14, 65, 76, 76, 76);
INSERT INTO `tbl_nilai` VALUES (954, 1, 14, 66, 77, 80, 78.5);
INSERT INTO `tbl_nilai` VALUES (955, 1, 14, 67, 76, 85, 80.5);
INSERT INTO `tbl_nilai` VALUES (956, 1, 14, 68, 76, 76, 76);
INSERT INTO `tbl_nilai` VALUES (957, 1, 15, 36, 80, 87, 83.5);
INSERT INTO `tbl_nilai` VALUES (958, 1, 15, 37, 77, 83, 80);
INSERT INTO `tbl_nilai` VALUES (959, 1, 15, 38, 77, 82, 79.5);
INSERT INTO `tbl_nilai` VALUES (960, 1, 15, 39, 80, 87, 83.5);
INSERT INTO `tbl_nilai` VALUES (961, 1, 15, 40, 77, 85, 81);
INSERT INTO `tbl_nilai` VALUES (962, 1, 15, 41, 82, 88, 85);
INSERT INTO `tbl_nilai` VALUES (963, 1, 15, 42, 77, 83, 80);
INSERT INTO `tbl_nilai` VALUES (964, 1, 15, 43, 79, 83, 81);
INSERT INTO `tbl_nilai` VALUES (965, 1, 15, 44, 81, 84, 82.5);
INSERT INTO `tbl_nilai` VALUES (966, 1, 15, 45, 82, 85, 83.5);
INSERT INTO `tbl_nilai` VALUES (967, 1, 15, 46, 78, 85, 81.5);
INSERT INTO `tbl_nilai` VALUES (968, 1, 15, 47, 84, 84, 84);
INSERT INTO `tbl_nilai` VALUES (969, 1, 15, 48, 77, 90, 83.5);
INSERT INTO `tbl_nilai` VALUES (970, 1, 15, 49, 80, 81, 80.5);
INSERT INTO `tbl_nilai` VALUES (971, 1, 15, 50, 79, 81, 80);
INSERT INTO `tbl_nilai` VALUES (972, 1, 15, 51, 76, 80, 78);
INSERT INTO `tbl_nilai` VALUES (973, 1, 15, 52, 80, 85, 82.5);
INSERT INTO `tbl_nilai` VALUES (974, 1, 15, 53, 77, 80, 78.5);
INSERT INTO `tbl_nilai` VALUES (975, 1, 15, 54, 77, 84, 80.5);
INSERT INTO `tbl_nilai` VALUES (976, 1, 15, 55, 77, 81, 79);
INSERT INTO `tbl_nilai` VALUES (977, 1, 15, 56, 79, 86, 82.5);
INSERT INTO `tbl_nilai` VALUES (978, 1, 15, 57, 77, 83, 80);
INSERT INTO `tbl_nilai` VALUES (979, 1, 15, 58, 81, 84, 82.5);
INSERT INTO `tbl_nilai` VALUES (980, 1, 15, 59, 78, 84, 81);
INSERT INTO `tbl_nilai` VALUES (981, 1, 15, 60, 78, 83, 80.5);
INSERT INTO `tbl_nilai` VALUES (982, 1, 15, 61, 81, 83, 82);
INSERT INTO `tbl_nilai` VALUES (983, 1, 15, 62, 78, 82, 80);
INSERT INTO `tbl_nilai` VALUES (984, 1, 15, 63, 77, 80, 78.5);
INSERT INTO `tbl_nilai` VALUES (985, 1, 15, 64, 81, 87, 84);
INSERT INTO `tbl_nilai` VALUES (986, 1, 15, 65, 78, 83, 80.5);
INSERT INTO `tbl_nilai` VALUES (987, 1, 15, 66, 82, 88, 85);
INSERT INTO `tbl_nilai` VALUES (988, 1, 15, 67, 80, 88, 84);
INSERT INTO `tbl_nilai` VALUES (989, 1, 15, 68, 79, 80, 79.5);
INSERT INTO `tbl_nilai` VALUES (990, 1, 10, 36, 81, 85, 83);
INSERT INTO `tbl_nilai` VALUES (991, 1, 10, 37, 80, 79, 79.5);
INSERT INTO `tbl_nilai` VALUES (992, 1, 10, 38, 78, 79, 78.5);
INSERT INTO `tbl_nilai` VALUES (993, 1, 10, 39, 80, 80, 80);
INSERT INTO `tbl_nilai` VALUES (994, 1, 10, 40, 80, 85, 82.5);
INSERT INTO `tbl_nilai` VALUES (995, 1, 10, 41, 83, 83, 83);
INSERT INTO `tbl_nilai` VALUES (996, 1, 10, 42, 82, 82, 82);
INSERT INTO `tbl_nilai` VALUES (997, 1, 10, 43, 85, 85, 85);
INSERT INTO `tbl_nilai` VALUES (998, 1, 10, 44, 80, 82, 81);
INSERT INTO `tbl_nilai` VALUES (999, 1, 10, 45, 80, 83, 81.5);
INSERT INTO `tbl_nilai` VALUES (1000, 1, 10, 46, 86, 81, 83.5);
INSERT INTO `tbl_nilai` VALUES (1001, 1, 10, 47, 81, 85, 83);
INSERT INTO `tbl_nilai` VALUES (1002, 1, 10, 48, 83, 83, 83);
INSERT INTO `tbl_nilai` VALUES (1003, 1, 10, 49, 84, 82, 83);
INSERT INTO `tbl_nilai` VALUES (1004, 1, 10, 50, 84, 80, 82);
INSERT INTO `tbl_nilai` VALUES (1005, 1, 10, 51, 79, 79, 79);
INSERT INTO `tbl_nilai` VALUES (1006, 1, 10, 52, 80, 80, 80);
INSERT INTO `tbl_nilai` VALUES (1007, 1, 10, 53, 80, 80, 80);
INSERT INTO `tbl_nilai` VALUES (1008, 1, 10, 54, 81, 82, 81.5);
INSERT INTO `tbl_nilai` VALUES (1009, 1, 10, 55, 80, 82, 81);
INSERT INTO `tbl_nilai` VALUES (1010, 1, 10, 56, 85, 87, 86);
INSERT INTO `tbl_nilai` VALUES (1011, 1, 10, 57, 80, 82, 81);
INSERT INTO `tbl_nilai` VALUES (1012, 1, 10, 58, 80, 85, 82.5);
INSERT INTO `tbl_nilai` VALUES (1013, 1, 10, 59, 80, 83, 81.5);
INSERT INTO `tbl_nilai` VALUES (1014, 1, 10, 60, 82, 85, 83.5);
INSERT INTO `tbl_nilai` VALUES (1015, 1, 10, 61, 80, 83, 81.5);
INSERT INTO `tbl_nilai` VALUES (1016, 1, 10, 62, 81, 82, 81.5);
INSERT INTO `tbl_nilai` VALUES (1017, 1, 10, 63, 78, 79, 78.5);
INSERT INTO `tbl_nilai` VALUES (1018, 1, 10, 64, 82, 85, 83.5);
INSERT INTO `tbl_nilai` VALUES (1019, 1, 10, 65, 78, 80, 79);
INSERT INTO `tbl_nilai` VALUES (1020, 1, 10, 66, 82, 87, 84.5);
INSERT INTO `tbl_nilai` VALUES (1021, 1, 10, 67, 81, 86, 83.5);
INSERT INTO `tbl_nilai` VALUES (1022, 1, 10, 68, 81, 86, 83.5);
INSERT INTO `tbl_nilai` VALUES (1023, 1, 11, 36, 80, 95, 87.5);
INSERT INTO `tbl_nilai` VALUES (1024, 1, 11, 37, 77, 76, 76.5);
INSERT INTO `tbl_nilai` VALUES (1025, 1, 11, 38, 79, 76, 77.5);
INSERT INTO `tbl_nilai` VALUES (1026, 1, 11, 39, 81, 95, 88);
INSERT INTO `tbl_nilai` VALUES (1027, 1, 11, 40, 79, 95, 87);
INSERT INTO `tbl_nilai` VALUES (1028, 1, 11, 41, 84, 90, 87);
INSERT INTO `tbl_nilai` VALUES (1029, 1, 11, 42, 80, 95, 87.5);
INSERT INTO `tbl_nilai` VALUES (1030, 1, 11, 43, 87, 98, 92.5);
INSERT INTO `tbl_nilai` VALUES (1031, 1, 11, 44, 80, 90, 85);
INSERT INTO `tbl_nilai` VALUES (1032, 1, 11, 45, 83, 98, 90.5);
INSERT INTO `tbl_nilai` VALUES (1033, 1, 11, 46, 81, 90, 85.5);
INSERT INTO `tbl_nilai` VALUES (1034, 1, 11, 47, 95, 98, 96.5);
INSERT INTO `tbl_nilai` VALUES (1035, 1, 11, 48, 76, 95, 85.5);
INSERT INTO `tbl_nilai` VALUES (1036, 1, 11, 49, 82, 90, 86);
INSERT INTO `tbl_nilai` VALUES (1037, 1, 11, 50, 80, 93, 86.5);
INSERT INTO `tbl_nilai` VALUES (1038, 1, 11, 51, 77, 76, 76.5);
INSERT INTO `tbl_nilai` VALUES (1039, 1, 11, 52, 85, 90, 87.5);
INSERT INTO `tbl_nilai` VALUES (1040, 1, 11, 53, 79, 98, 88.5);
INSERT INTO `tbl_nilai` VALUES (1041, 1, 11, 54, 81, 98, 89.5);
INSERT INTO `tbl_nilai` VALUES (1042, 1, 11, 55, 78, 95, 86.5);
INSERT INTO `tbl_nilai` VALUES (1043, 1, 11, 56, 88, 93, 90.5);
INSERT INTO `tbl_nilai` VALUES (1044, 1, 11, 57, 86, 98, 92);
INSERT INTO `tbl_nilai` VALUES (1045, 1, 11, 58, 91, 90, 90.5);
INSERT INTO `tbl_nilai` VALUES (1046, 1, 11, 59, 79, 95, 87);
INSERT INTO `tbl_nilai` VALUES (1047, 1, 11, 60, 86, 93, 89.5);
INSERT INTO `tbl_nilai` VALUES (1048, 1, 11, 61, 87, 90, 88.5);
INSERT INTO `tbl_nilai` VALUES (1049, 1, 11, 62, 89, 95, 92);
INSERT INTO `tbl_nilai` VALUES (1050, 1, 11, 63, 83, 76, 79.5);
INSERT INTO `tbl_nilai` VALUES (1051, 1, 11, 64, 88, 95, 91.5);
INSERT INTO `tbl_nilai` VALUES (1052, 1, 11, 65, 83, 90, 86.5);
INSERT INTO `tbl_nilai` VALUES (1053, 1, 11, 66, 93, 98, 95.5);
INSERT INTO `tbl_nilai` VALUES (1054, 1, 11, 67, 85, 95, 90);
INSERT INTO `tbl_nilai` VALUES (1055, 1, 11, 68, 21, 90, 55.5);
INSERT INTO `tbl_nilai` VALUES (1056, 1, 1, 69, 91, 90, 90.5);
INSERT INTO `tbl_nilai` VALUES (1057, 1, 1, 70, 95, 95, 95);
INSERT INTO `tbl_nilai` VALUES (1058, 1, 1, 71, 91, 91, 91);
INSERT INTO `tbl_nilai` VALUES (1059, 1, 1, 72, 90, 90, 90);
INSERT INTO `tbl_nilai` VALUES (1060, 1, 1, 73, 91, 90, 90.5);
INSERT INTO `tbl_nilai` VALUES (1061, 1, 1, 74, 99, 98, 98.5);
INSERT INTO `tbl_nilai` VALUES (1062, 1, 1, 75, 90, 90, 90);
INSERT INTO `tbl_nilai` VALUES (1063, 1, 1, 76, 91, 90, 90.5);
INSERT INTO `tbl_nilai` VALUES (1064, 1, 1, 77, 91, 92, 91.5);
INSERT INTO `tbl_nilai` VALUES (1065, 1, 1, 78, 91, 90, 90.5);
INSERT INTO `tbl_nilai` VALUES (1066, 1, 1, 79, 92, 93, 92.5);
INSERT INTO `tbl_nilai` VALUES (1067, 1, 1, 80, 90, 89, 89.5);
INSERT INTO `tbl_nilai` VALUES (1068, 1, 1, 81, 93, 98, 95.5);
INSERT INTO `tbl_nilai` VALUES (1069, 1, 1, 82, 92, 95, 93.5);
INSERT INTO `tbl_nilai` VALUES (1070, 1, 1, 83, 99, 98, 98.5);
INSERT INTO `tbl_nilai` VALUES (1071, 1, 1, 84, 92, 94, 93);
INSERT INTO `tbl_nilai` VALUES (1072, 1, 1, 85, 91, 92, 91.5);
INSERT INTO `tbl_nilai` VALUES (1073, 1, 1, 86, 95, 95, 95);
INSERT INTO `tbl_nilai` VALUES (1074, 1, 1, 87, 94, 95, 94.5);
INSERT INTO `tbl_nilai` VALUES (1075, 1, 1, 88, 92, 92, 92);
INSERT INTO `tbl_nilai` VALUES (1076, 1, 1, 89, 91, 93, 92);
INSERT INTO `tbl_nilai` VALUES (1077, 1, 1, 90, 91, 92, 91.5);
INSERT INTO `tbl_nilai` VALUES (1078, 1, 1, 91, 93, 95, 94);
INSERT INTO `tbl_nilai` VALUES (1079, 1, 1, 92, 91, 90, 90.5);
INSERT INTO `tbl_nilai` VALUES (1080, 1, 1, 93, 91, 95, 93);
INSERT INTO `tbl_nilai` VALUES (1081, 1, 1, 94, 87, 83, 85);
INSERT INTO `tbl_nilai` VALUES (1082, 1, 1, 95, 91, 93, 92);
INSERT INTO `tbl_nilai` VALUES (1083, 1, 1, 96, 90, 91, 90.5);
INSERT INTO `tbl_nilai` VALUES (1084, 1, 1, 97, 90, 90, 90);
INSERT INTO `tbl_nilai` VALUES (1085, 1, 1, 98, 91, 90, 90.5);
INSERT INTO `tbl_nilai` VALUES (1086, 1, 1, 99, 91, 90, 90.5);
INSERT INTO `tbl_nilai` VALUES (1087, 1, 1, 100, 91, 95, 93);
INSERT INTO `tbl_nilai` VALUES (1088, 1, 1, 101, 98, 98, 98);
INSERT INTO `tbl_nilai` VALUES (1089, 1, 1, 102, 91, 95, 93);
INSERT INTO `tbl_nilai` VALUES (1090, 1, 1, 103, 92, 97, 94.5);
INSERT INTO `tbl_nilai` VALUES (1091, 1, 1, 104, 97, 98, 97.5);
INSERT INTO `tbl_nilai` VALUES (1093, 1, 1, 106, 92, 95, 93.5);
INSERT INTO `tbl_nilai` VALUES (1094, 1, 1, 107, 89, 93, 91);
INSERT INTO `tbl_nilai` VALUES (1095, 1, 1, 108, 91, 92, 91.5);
INSERT INTO `tbl_nilai` VALUES (1096, 1, 1, 109, 91, 91, 91);
INSERT INTO `tbl_nilai` VALUES (1097, 1, 1, 110, 99, 98, 98.5);
INSERT INTO `tbl_nilai` VALUES (1098, 1, 1, 111, 89, 90, 89.5);
INSERT INTO `tbl_nilai` VALUES (1099, 1, 1, 112, 92, 95, 93.5);
INSERT INTO `tbl_nilai` VALUES (1100, 1, 1, 113, 90, 91, 90.5);
INSERT INTO `tbl_nilai` VALUES (1101, 1, 1, 114, 93, 97, 95);
INSERT INTO `tbl_nilai` VALUES (1102, 1, 1, 115, 94, 97, 95.5);
INSERT INTO `tbl_nilai` VALUES (1103, 1, 1, 116, 89, 95, 92);
INSERT INTO `tbl_nilai` VALUES (1104, 1, 1, 117, 89, 92, 90.5);
INSERT INTO `tbl_nilai` VALUES (1105, 1, 1, 118, 93, 96, 94.5);
INSERT INTO `tbl_nilai` VALUES (1106, 1, 1, 119, 97, 98, 97.5);
INSERT INTO `tbl_nilai` VALUES (1107, 1, 1, 120, 93, 99, 96);
INSERT INTO `tbl_nilai` VALUES (1108, 1, 1, 121, 89, 94, 91.5);
INSERT INTO `tbl_nilai` VALUES (1109, 1, 1, 122, 93, 92, 92.5);
INSERT INTO `tbl_nilai` VALUES (1110, 1, 1, 123, 95, 98, 96.5);
INSERT INTO `tbl_nilai` VALUES (1111, 1, 1, 124, 98, 98, 98);
INSERT INTO `tbl_nilai` VALUES (1112, 1, 1, 125, 92, 91, 91.5);
INSERT INTO `tbl_nilai` VALUES (1113, 1, 1, 126, 90, 90, 90);
INSERT INTO `tbl_nilai` VALUES (1114, 1, 1, 127, 91, 92, 91.5);
INSERT INTO `tbl_nilai` VALUES (1115, 1, 1, 128, 90, 93, 91.5);
INSERT INTO `tbl_nilai` VALUES (1116, 1, 1, 129, 92, 97, 94.5);
INSERT INTO `tbl_nilai` VALUES (1117, 1, 1, 130, 95, 95, 95);
INSERT INTO `tbl_nilai` VALUES (1118, 1, 1, 131, 89, 90, 89.5);
INSERT INTO `tbl_nilai` VALUES (1119, 1, 1, 132, 95, 95, 95);
INSERT INTO `tbl_nilai` VALUES (1120, 1, 1, 133, 97, 97, 97);
INSERT INTO `tbl_nilai` VALUES (1121, 1, 1, 134, 99, 98, 98.5);
INSERT INTO `tbl_nilai` VALUES (1122, 1, 1, 135, 93, 95, 94);
INSERT INTO `tbl_nilai` VALUES (1123, 1, 1, 136, 95, 98, 96.5);
INSERT INTO `tbl_nilai` VALUES (1124, 1, 1, 137, 98, 98, 98);
INSERT INTO `tbl_nilai` VALUES (1125, 1, 1, 138, 93, 94, 93.5);
INSERT INTO `tbl_nilai` VALUES (1126, 1, 1, 139, 91, 93, 92);
INSERT INTO `tbl_nilai` VALUES (1127, 1, 1, 140, 60, 90, 75);
INSERT INTO `tbl_nilai` VALUES (1128, 1, 1, 141, 91, 90, 90.5);
INSERT INTO `tbl_nilai` VALUES (1129, 1, 2, 69, 86, 87, 86.5);
INSERT INTO `tbl_nilai` VALUES (1130, 1, 2, 70, 85, 92, 88.5);
INSERT INTO `tbl_nilai` VALUES (1131, 1, 2, 71, 84, 87, 85.5);
INSERT INTO `tbl_nilai` VALUES (1132, 1, 2, 72, 80, 87, 83.5);
INSERT INTO `tbl_nilai` VALUES (1133, 1, 2, 73, 85, 87, 86);
INSERT INTO `tbl_nilai` VALUES (1134, 1, 2, 74, 86, 92, 89);
INSERT INTO `tbl_nilai` VALUES (1135, 1, 2, 75, 90, 90, 90);
INSERT INTO `tbl_nilai` VALUES (1136, 1, 2, 76, 91, 90, 90.5);
INSERT INTO `tbl_nilai` VALUES (1137, 1, 2, 77, 91, 90, 90.5);
INSERT INTO `tbl_nilai` VALUES (1138, 1, 2, 78, 90, 89, 89.5);
INSERT INTO `tbl_nilai` VALUES (1139, 1, 2, 79, 87, 87, 87);
INSERT INTO `tbl_nilai` VALUES (1140, 1, 2, 80, 83, 92, 87.5);
INSERT INTO `tbl_nilai` VALUES (1141, 1, 2, 81, 88, 92, 90);
INSERT INTO `tbl_nilai` VALUES (1142, 1, 2, 82, 89, 92, 90.5);
INSERT INTO `tbl_nilai` VALUES (1143, 1, 2, 83, 91, 92, 91.5);
INSERT INTO `tbl_nilai` VALUES (1144, 1, 2, 84, 80, 85, 82.5);
INSERT INTO `tbl_nilai` VALUES (1145, 1, 2, 85, 93, 86, 89.5);
INSERT INTO `tbl_nilai` VALUES (1146, 1, 2, 86, 86, 92, 89);
INSERT INTO `tbl_nilai` VALUES (1147, 1, 2, 87, 84, 85, 84.5);
INSERT INTO `tbl_nilai` VALUES (1148, 1, 2, 88, 80, 85, 82.5);
INSERT INTO `tbl_nilai` VALUES (1149, 1, 2, 89, 80, 85, 82.5);
INSERT INTO `tbl_nilai` VALUES (1150, 1, 2, 90, 80, 92, 86);
INSERT INTO `tbl_nilai` VALUES (1151, 1, 2, 91, 91, 92, 91.5);
INSERT INTO `tbl_nilai` VALUES (1152, 1, 2, 92, 91, 92, 91.5);
INSERT INTO `tbl_nilai` VALUES (1153, 1, 2, 93, 81, 86, 83.5);
INSERT INTO `tbl_nilai` VALUES (1154, 1, 2, 94, 85, 92, 88.5);
INSERT INTO `tbl_nilai` VALUES (1155, 1, 2, 95, 86, 88, 87);
INSERT INTO `tbl_nilai` VALUES (1156, 1, 2, 96, 82, 87, 84.5);
INSERT INTO `tbl_nilai` VALUES (1157, 1, 2, 97, 80, 85, 82.5);
INSERT INTO `tbl_nilai` VALUES (1158, 1, 2, 98, 84, 92, 88);
INSERT INTO `tbl_nilai` VALUES (1159, 1, 2, 99, 88, 86, 87);
INSERT INTO `tbl_nilai` VALUES (1160, 1, 2, 100, 83, 86, 84.5);
INSERT INTO `tbl_nilai` VALUES (1161, 1, 2, 101, 87, 88, 87.5);
INSERT INTO `tbl_nilai` VALUES (1162, 1, 2, 102, 80, 87, 83.5);
INSERT INTO `tbl_nilai` VALUES (1163, 1, 2, 103, 81, 87, 84);
INSERT INTO `tbl_nilai` VALUES (1164, 1, 2, 104, 85, 87, 86);
INSERT INTO `tbl_nilai` VALUES (1166, 1, 2, 106, 84, 86, 85);
INSERT INTO `tbl_nilai` VALUES (1167, 1, 2, 107, 80, 86, 83);
INSERT INTO `tbl_nilai` VALUES (1168, 1, 2, 108, 84, 86, 85);
INSERT INTO `tbl_nilai` VALUES (1169, 1, 2, 109, 82, 86, 84);
INSERT INTO `tbl_nilai` VALUES (1170, 1, 2, 110, 84, 87, 85.5);
INSERT INTO `tbl_nilai` VALUES (1171, 1, 2, 111, 82, 86, 84);
INSERT INTO `tbl_nilai` VALUES (1172, 1, 2, 112, 86, 87, 86.5);
INSERT INTO `tbl_nilai` VALUES (1173, 1, 2, 113, 82, 89, 85.5);
INSERT INTO `tbl_nilai` VALUES (1174, 1, 2, 114, 85, 87, 86);
INSERT INTO `tbl_nilai` VALUES (1175, 1, 2, 115, 84, 87, 85.5);
INSERT INTO `tbl_nilai` VALUES (1176, 1, 2, 116, 85, 88, 86.5);
INSERT INTO `tbl_nilai` VALUES (1177, 1, 2, 117, 89, 89, 89);
INSERT INTO `tbl_nilai` VALUES (1178, 1, 2, 118, 86, 87, 86.5);
INSERT INTO `tbl_nilai` VALUES (1179, 1, 2, 119, 86, 88, 87);
INSERT INTO `tbl_nilai` VALUES (1180, 1, 2, 120, 85, 87, 86);
INSERT INTO `tbl_nilai` VALUES (1181, 1, 2, 121, 80, 88, 84);
INSERT INTO `tbl_nilai` VALUES (1182, 1, 2, 122, 86, 87, 86.5);
INSERT INTO `tbl_nilai` VALUES (1183, 1, 2, 123, 80, 85, 82.5);
INSERT INTO `tbl_nilai` VALUES (1184, 1, 2, 124, 83, 86, 84.5);
INSERT INTO `tbl_nilai` VALUES (1185, 1, 2, 125, 82, 88, 85);
INSERT INTO `tbl_nilai` VALUES (1186, 1, 2, 126, 85, 85, 85);
INSERT INTO `tbl_nilai` VALUES (1187, 1, 2, 127, 83, 88, 85.5);
INSERT INTO `tbl_nilai` VALUES (1188, 1, 2, 128, 82, 88, 85);
INSERT INTO `tbl_nilai` VALUES (1189, 1, 2, 129, 86, 87, 86.5);
INSERT INTO `tbl_nilai` VALUES (1190, 1, 2, 130, 81, 88, 84.5);
INSERT INTO `tbl_nilai` VALUES (1191, 1, 2, 131, 80, 86, 83);
INSERT INTO `tbl_nilai` VALUES (1192, 1, 2, 132, 81, 86, 83.5);
INSERT INTO `tbl_nilai` VALUES (1193, 1, 2, 133, 88, 88, 88);
INSERT INTO `tbl_nilai` VALUES (1194, 1, 2, 134, 87, 88, 87.5);
INSERT INTO `tbl_nilai` VALUES (1195, 1, 2, 135, 84, 87, 85.5);
INSERT INTO `tbl_nilai` VALUES (1196, 1, 2, 136, 86, 88, 87);
INSERT INTO `tbl_nilai` VALUES (1197, 1, 2, 137, 90, 89, 89.5);
INSERT INTO `tbl_nilai` VALUES (1198, 1, 2, 138, 87, 87, 87);
INSERT INTO `tbl_nilai` VALUES (1199, 1, 2, 139, 84, 87, 85.5);
INSERT INTO `tbl_nilai` VALUES (1200, 1, 2, 140, 71, 86, 78.5);
INSERT INTO `tbl_nilai` VALUES (1201, 1, 2, 141, 80, 86, 83);
INSERT INTO `tbl_nilai` VALUES (1202, 1, 3, 69, 84, 90, 87);
INSERT INTO `tbl_nilai` VALUES (1203, 1, 3, 70, 82, 92, 87);
INSERT INTO `tbl_nilai` VALUES (1204, 1, 3, 71, 80, 86, 83);
INSERT INTO `tbl_nilai` VALUES (1205, 1, 3, 72, 83, 88, 85.5);
INSERT INTO `tbl_nilai` VALUES (1206, 1, 3, 73, 83, 90, 86.5);
INSERT INTO `tbl_nilai` VALUES (1207, 1, 3, 74, 85, 90, 87.5);
INSERT INTO `tbl_nilai` VALUES (1208, 1, 3, 75, 83, 86, 84.5);
INSERT INTO `tbl_nilai` VALUES (1209, 1, 3, 76, 86, 88, 87);
INSERT INTO `tbl_nilai` VALUES (1210, 1, 3, 77, 83, 84, 83.5);
INSERT INTO `tbl_nilai` VALUES (1211, 1, 3, 78, 83, 92, 87.5);
INSERT INTO `tbl_nilai` VALUES (1212, 1, 3, 79, 83, 86, 84.5);
INSERT INTO `tbl_nilai` VALUES (1213, 1, 3, 80, 80, 85, 82.5);
INSERT INTO `tbl_nilai` VALUES (1214, 1, 3, 81, 84, 88, 86);
INSERT INTO `tbl_nilai` VALUES (1215, 1, 3, 82, 85, 89, 87);
INSERT INTO `tbl_nilai` VALUES (1216, 1, 3, 83, 87, 93, 90);
INSERT INTO `tbl_nilai` VALUES (1217, 1, 3, 84, 81, 90, 85.5);
INSERT INTO `tbl_nilai` VALUES (1218, 1, 3, 85, 83, 85, 84);
INSERT INTO `tbl_nilai` VALUES (1219, 1, 3, 86, 83, 85, 84);
INSERT INTO `tbl_nilai` VALUES (1220, 1, 3, 87, 83, 88, 85.5);
INSERT INTO `tbl_nilai` VALUES (1221, 1, 3, 88, 79, 85, 82);
INSERT INTO `tbl_nilai` VALUES (1222, 1, 3, 89, 80, 92, 86);
INSERT INTO `tbl_nilai` VALUES (1223, 1, 3, 90, 80, 87, 83.5);
INSERT INTO `tbl_nilai` VALUES (1224, 1, 3, 91, 87, 95, 91);
INSERT INTO `tbl_nilai` VALUES (1225, 1, 3, 92, 91, 87, 89);
INSERT INTO `tbl_nilai` VALUES (1226, 1, 3, 93, 80, 90, 85);
INSERT INTO `tbl_nilai` VALUES (1227, 1, 3, 94, 84, 92, 88);
INSERT INTO `tbl_nilai` VALUES (1228, 1, 3, 95, 84, 96, 90);
INSERT INTO `tbl_nilai` VALUES (1229, 1, 3, 96, 81, 85, 83);
INSERT INTO `tbl_nilai` VALUES (1230, 1, 3, 97, 77, 85, 81);
INSERT INTO `tbl_nilai` VALUES (1231, 1, 3, 98, 80, 90, 85);
INSERT INTO `tbl_nilai` VALUES (1232, 1, 3, 99, 81, 88, 84.5);
INSERT INTO `tbl_nilai` VALUES (1233, 1, 3, 100, 81, 86, 83.5);
INSERT INTO `tbl_nilai` VALUES (1234, 1, 3, 101, 84, 89, 86.5);
INSERT INTO `tbl_nilai` VALUES (1235, 1, 3, 102, 81, 88, 84.5);
INSERT INTO `tbl_nilai` VALUES (1236, 1, 3, 103, 80, 88, 84);
INSERT INTO `tbl_nilai` VALUES (1237, 1, 3, 104, 82, 90, 86);
INSERT INTO `tbl_nilai` VALUES (1238, 3, 1, 77, 90, 0, 45);
INSERT INTO `tbl_nilai` VALUES (1239, 1, 3, 106, 80, 82, 81);
INSERT INTO `tbl_nilai` VALUES (1240, 1, 3, 107, 80, 82, 81);
INSERT INTO `tbl_nilai` VALUES (1241, 1, 3, 108, 80, 80, 80);
INSERT INTO `tbl_nilai` VALUES (1242, 1, 3, 109, 79, 88, 83.5);
INSERT INTO `tbl_nilai` VALUES (1243, 1, 3, 110, 80, 86, 83);
INSERT INTO `tbl_nilai` VALUES (1244, 1, 3, 111, 79, 80, 79.5);
INSERT INTO `tbl_nilai` VALUES (1245, 1, 3, 112, 81, 95, 88);
INSERT INTO `tbl_nilai` VALUES (1246, 1, 3, 113, 77, 80, 78.5);
INSERT INTO `tbl_nilai` VALUES (1247, 1, 3, 114, 80, 90, 85);
INSERT INTO `tbl_nilai` VALUES (1248, 1, 3, 115, 80, 87, 83.5);
INSERT INTO `tbl_nilai` VALUES (1249, 1, 3, 116, 80, 88, 84);
INSERT INTO `tbl_nilai` VALUES (1250, 1, 3, 117, 80, 85, 82.5);
INSERT INTO `tbl_nilai` VALUES (1251, 1, 3, 118, 81, 90, 85.5);
INSERT INTO `tbl_nilai` VALUES (1252, 1, 3, 119, 78, 80, 79);
INSERT INTO `tbl_nilai` VALUES (1253, 1, 3, 120, 81, 80, 80.5);
INSERT INTO `tbl_nilai` VALUES (1254, 1, 3, 121, 80, 90, 85);
INSERT INTO `tbl_nilai` VALUES (1255, 1, 3, 122, 82, 90, 86);
INSERT INTO `tbl_nilai` VALUES (1256, 1, 3, 123, 78, 80, 79);
INSERT INTO `tbl_nilai` VALUES (1257, 1, 3, 124, 80, 90, 85);
INSERT INTO `tbl_nilai` VALUES (1258, 1, 3, 125, 80, 88, 84);
INSERT INTO `tbl_nilai` VALUES (1259, 1, 3, 126, 81, 80, 80.5);
INSERT INTO `tbl_nilai` VALUES (1260, 1, 3, 127, 79, 90, 84.5);
INSERT INTO `tbl_nilai` VALUES (1261, 1, 3, 128, 79, 88, 83.5);
INSERT INTO `tbl_nilai` VALUES (1262, 1, 3, 129, 81, 88, 84.5);
INSERT INTO `tbl_nilai` VALUES (1263, 1, 3, 130, 79, 80, 79.5);
INSERT INTO `tbl_nilai` VALUES (1264, 1, 3, 131, 78, 86, 82);
INSERT INTO `tbl_nilai` VALUES (1265, 1, 3, 132, 79, 80, 79.5);
INSERT INTO `tbl_nilai` VALUES (1266, 1, 3, 133, 83, 90, 86.5);
INSERT INTO `tbl_nilai` VALUES (1267, 1, 3, 134, 82, 90, 86);
INSERT INTO `tbl_nilai` VALUES (1268, 1, 3, 135, 80, 80, 80);
INSERT INTO `tbl_nilai` VALUES (1269, 1, 3, 136, 83, 90, 86.5);
INSERT INTO `tbl_nilai` VALUES (1270, 1, 3, 137, 81, 88, 84.5);
INSERT INTO `tbl_nilai` VALUES (1271, 1, 3, 138, 81, 90, 85.5);
INSERT INTO `tbl_nilai` VALUES (1272, 1, 3, 139, 80, 92, 86);
INSERT INTO `tbl_nilai` VALUES (1273, 1, 3, 140, 62, 80, 71);
INSERT INTO `tbl_nilai` VALUES (1274, 1, 3, 141, 79, 88, 83.5);
INSERT INTO `tbl_nilai` VALUES (1275, 1, 1, 105, 0, 0, 0);
INSERT INTO `tbl_nilai` VALUES (1276, 1, 2, 105, 71, 0, 35.5);
INSERT INTO `tbl_nilai` VALUES (1277, 1, 3, 0, 77, 90, 83.5);
INSERT INTO `tbl_nilai` VALUES (1278, 1, 4, 69, 80, 85, 82.5);
INSERT INTO `tbl_nilai` VALUES (1279, 1, 4, 70, 77, 85, 81);
INSERT INTO `tbl_nilai` VALUES (1280, 1, 4, 71, 77, 80, 78.5);
INSERT INTO `tbl_nilai` VALUES (1281, 1, 4, 72, 79, 80, 79.5);
INSERT INTO `tbl_nilai` VALUES (1282, 1, 4, 73, 77, 83, 80);
INSERT INTO `tbl_nilai` VALUES (1283, 1, 4, 74, 80, 85, 82.5);
INSERT INTO `tbl_nilai` VALUES (1284, 1, 4, 75, 78, 80, 79);
INSERT INTO `tbl_nilai` VALUES (1285, 1, 4, 76, 80, 80, 80);
INSERT INTO `tbl_nilai` VALUES (1286, 1, 4, 77, 80, 88, 84);
INSERT INTO `tbl_nilai` VALUES (1287, 1, 4, 78, 78, 80, 79);
INSERT INTO `tbl_nilai` VALUES (1288, 1, 4, 79, 78, 83, 80.5);
INSERT INTO `tbl_nilai` VALUES (1289, 1, 4, 80, 76, 80, 78);
INSERT INTO `tbl_nilai` VALUES (1290, 1, 4, 81, 79, 85, 82);
INSERT INTO `tbl_nilai` VALUES (1291, 1, 4, 82, 80, 80, 80);
INSERT INTO `tbl_nilai` VALUES (1292, 1, 4, 83, 80, 88, 84);
INSERT INTO `tbl_nilai` VALUES (1293, 1, 4, 84, 77, 80, 78.5);
INSERT INTO `tbl_nilai` VALUES (1294, 1, 4, 85, 77, 80, 78.5);
INSERT INTO `tbl_nilai` VALUES (1295, 1, 4, 86, 77, 80, 78.5);
INSERT INTO `tbl_nilai` VALUES (1296, 1, 4, 87, 77, 80, 78.5);
INSERT INTO `tbl_nilai` VALUES (1297, 1, 4, 88, 80, 88, 84);
INSERT INTO `tbl_nilai` VALUES (1298, 1, 4, 89, 77, 80, 78.5);
INSERT INTO `tbl_nilai` VALUES (1299, 1, 4, 90, 78, 80, 79);
INSERT INTO `tbl_nilai` VALUES (1300, 1, 4, 91, 90, 90, 90);
INSERT INTO `tbl_nilai` VALUES (1301, 1, 4, 92, 84, 90, 87);
INSERT INTO `tbl_nilai` VALUES (1302, 1, 4, 93, 77, 80, 78.5);
INSERT INTO `tbl_nilai` VALUES (1303, 1, 4, 94, 80, 83, 81.5);
INSERT INTO `tbl_nilai` VALUES (1304, 1, 4, 95, 79, 80, 79.5);
INSERT INTO `tbl_nilai` VALUES (1305, 1, 4, 96, 77, 80, 78.5);
INSERT INTO `tbl_nilai` VALUES (1306, 1, 4, 97, 76, 80, 78);
INSERT INTO `tbl_nilai` VALUES (1307, 1, 4, 98, 77, 80, 78.5);
INSERT INTO `tbl_nilai` VALUES (1308, 1, 4, 99, 77, 80, 78.5);
INSERT INTO `tbl_nilai` VALUES (1309, 1, 4, 100, 78, 80, 79);
INSERT INTO `tbl_nilai` VALUES (1310, 1, 4, 101, 77, 82, 79.5);
INSERT INTO `tbl_nilai` VALUES (1311, 1, 4, 102, 76, 80, 78);
INSERT INTO `tbl_nilai` VALUES (1312, 1, 4, 103, 76, 83, 79.5);
INSERT INTO `tbl_nilai` VALUES (1313, 1, 4, 104, 79, 80, 79.5);
INSERT INTO `tbl_nilai` VALUES (1314, 1, 4, 105, 59, 0, 29.5);
INSERT INTO `tbl_nilai` VALUES (1315, 1, 4, 106, 77, 80, 78.5);
INSERT INTO `tbl_nilai` VALUES (1316, 1, 4, 107, 76, 76, 76);
INSERT INTO `tbl_nilai` VALUES (1317, 1, 4, 108, 77, 76, 76.5);
INSERT INTO `tbl_nilai` VALUES (1318, 1, 4, 109, 76, 76, 76);
INSERT INTO `tbl_nilai` VALUES (1319, 1, 4, 110, 78, 85, 81.5);
INSERT INTO `tbl_nilai` VALUES (1320, 1, 4, 111, 76, 76, 76);
INSERT INTO `tbl_nilai` VALUES (1321, 1, 4, 112, 77, 80, 78.5);
INSERT INTO `tbl_nilai` VALUES (1322, 1, 4, 113, 76, 76, 76);
INSERT INTO `tbl_nilai` VALUES (1323, 1, 4, 114, 76, 76, 76);
INSERT INTO `tbl_nilai` VALUES (1324, 1, 4, 115, 77, 80, 78.5);
INSERT INTO `tbl_nilai` VALUES (1325, 1, 4, 116, 76, 76, 76);
INSERT INTO `tbl_nilai` VALUES (1326, 1, 4, 117, 76, 76, 76);
INSERT INTO `tbl_nilai` VALUES (1327, 1, 4, 118, 78, 85, 81.5);
INSERT INTO `tbl_nilai` VALUES (1328, 1, 4, 119, 76, 76, 76);
INSERT INTO `tbl_nilai` VALUES (1329, 1, 4, 120, 76, 76, 76);
INSERT INTO `tbl_nilai` VALUES (1330, 1, 4, 121, 79, 80, 79.5);
INSERT INTO `tbl_nilai` VALUES (1331, 1, 4, 122, 77, 85, 81);
INSERT INTO `tbl_nilai` VALUES (1332, 1, 4, 123, 76, 76, 76);
INSERT INTO `tbl_nilai` VALUES (1333, 1, 4, 124, 76, 76, 76);
INSERT INTO `tbl_nilai` VALUES (1334, 1, 4, 125, 78, 80, 79);
INSERT INTO `tbl_nilai` VALUES (1335, 1, 4, 126, 76, 76, 76);
INSERT INTO `tbl_nilai` VALUES (1336, 1, 4, 127, 76, 76, 76);
INSERT INTO `tbl_nilai` VALUES (1337, 1, 4, 128, 76, 76, 76);
INSERT INTO `tbl_nilai` VALUES (1338, 1, 4, 129, 77, 85, 81);
INSERT INTO `tbl_nilai` VALUES (1339, 1, 4, 130, 77, 76, 76.5);
INSERT INTO `tbl_nilai` VALUES (1340, 1, 4, 131, 76, 66, 71);
INSERT INTO `tbl_nilai` VALUES (1341, 1, 4, 132, 76, 76, 76);
INSERT INTO `tbl_nilai` VALUES (1342, 1, 4, 133, 77, 80, 78.5);
INSERT INTO `tbl_nilai` VALUES (1343, 1, 4, 134, 80, 85, 82.5);
INSERT INTO `tbl_nilai` VALUES (1344, 1, 4, 135, 77, 80, 78.5);
INSERT INTO `tbl_nilai` VALUES (1345, 1, 4, 136, 82, 88, 85);
INSERT INTO `tbl_nilai` VALUES (1346, 1, 4, 137, 78, 76, 77);
INSERT INTO `tbl_nilai` VALUES (1347, 1, 4, 138, 80, 85, 82.5);
INSERT INTO `tbl_nilai` VALUES (1348, 1, 4, 139, 77, 80, 78.5);
INSERT INTO `tbl_nilai` VALUES (1349, 1, 4, 140, 61, 80, 70.5);
INSERT INTO `tbl_nilai` VALUES (1350, 1, 4, 141, 76, 70, 73);
INSERT INTO `tbl_nilai` VALUES (1351, 1, 5, 69, 79, 80, 79.5);
INSERT INTO `tbl_nilai` VALUES (1352, 1, 5, 70, 78, 83, 80.5);
INSERT INTO `tbl_nilai` VALUES (1353, 1, 5, 71, 70, 76, 73);
INSERT INTO `tbl_nilai` VALUES (1354, 1, 5, 72, 78, 81, 79.5);
INSERT INTO `tbl_nilai` VALUES (1355, 1, 5, 73, 77, 76, 76.5);
INSERT INTO `tbl_nilai` VALUES (1356, 1, 5, 74, 83, 84, 83.5);
INSERT INTO `tbl_nilai` VALUES (1357, 1, 5, 75, 77, 76, 76.5);
INSERT INTO `tbl_nilai` VALUES (1358, 1, 5, 76, 83, 86, 84.5);
INSERT INTO `tbl_nilai` VALUES (1359, 1, 5, 77, 84, 84, 84);
INSERT INTO `tbl_nilai` VALUES (1360, 1, 5, 78, 79, 85, 82);
INSERT INTO `tbl_nilai` VALUES (1361, 1, 5, 79, 80, 83, 81.5);
INSERT INTO `tbl_nilai` VALUES (1362, 1, 5, 80, 78, 80, 79);
INSERT INTO `tbl_nilai` VALUES (1363, 1, 5, 81, 80, 87, 83.5);
INSERT INTO `tbl_nilai` VALUES (1364, 1, 5, 82, 82, 87, 84.5);
INSERT INTO `tbl_nilai` VALUES (1365, 1, 5, 83, 84, 89, 86.5);
INSERT INTO `tbl_nilai` VALUES (1366, 1, 5, 84, 76, 83, 79.5);
INSERT INTO `tbl_nilai` VALUES (1367, 1, 5, 85, 78, 83, 80.5);
INSERT INTO `tbl_nilai` VALUES (1368, 1, 5, 86, 78, 84, 81);
INSERT INTO `tbl_nilai` VALUES (1369, 1, 5, 87, 77, 76, 76.5);
INSERT INTO `tbl_nilai` VALUES (1370, 1, 5, 88, 78, 85, 81.5);
INSERT INTO `tbl_nilai` VALUES (1371, 1, 5, 89, 76, 76, 76);
INSERT INTO `tbl_nilai` VALUES (1372, 1, 5, 90, 76, 76, 76);
INSERT INTO `tbl_nilai` VALUES (1373, 1, 5, 91, 85, 88, 86.5);
INSERT INTO `tbl_nilai` VALUES (1374, 1, 5, 92, 89, 83, 86);
INSERT INTO `tbl_nilai` VALUES (1375, 1, 5, 93, 78, 83, 80.5);
INSERT INTO `tbl_nilai` VALUES (1376, 1, 5, 94, 82, 87, 84.5);
INSERT INTO `tbl_nilai` VALUES (1377, 1, 5, 95, 79, 84, 81.5);
INSERT INTO `tbl_nilai` VALUES (1378, 1, 5, 96, 78, 80, 79);
INSERT INTO `tbl_nilai` VALUES (1379, 1, 5, 97, 67, 76, 71.5);
INSERT INTO `tbl_nilai` VALUES (1380, 1, 5, 98, 81, 85, 83);
INSERT INTO `tbl_nilai` VALUES (1381, 1, 5, 99, 80, 83, 81.5);
INSERT INTO `tbl_nilai` VALUES (1382, 1, 5, 100, 80, 83, 81.5);
INSERT INTO `tbl_nilai` VALUES (1383, 1, 5, 101, 80, 83, 81.5);
INSERT INTO `tbl_nilai` VALUES (1384, 1, 5, 102, 78, 76, 77);
INSERT INTO `tbl_nilai` VALUES (1385, 1, 5, 103, 73, 76, 74.5);
INSERT INTO `tbl_nilai` VALUES (1386, 1, 5, 104, 81, 89, 85);
INSERT INTO `tbl_nilai` VALUES (1387, 1, 5, 105, 54, 76, 65);
INSERT INTO `tbl_nilai` VALUES (1388, 1, 5, 106, 80, 83, 81.5);
INSERT INTO `tbl_nilai` VALUES (1389, 1, 5, 107, 65, 76, 70.5);
INSERT INTO `tbl_nilai` VALUES (1390, 1, 5, 108, 78, 86, 82);
INSERT INTO `tbl_nilai` VALUES (1391, 1, 5, 109, 77, 85, 81);
INSERT INTO `tbl_nilai` VALUES (1392, 1, 5, 110, 80, 86, 83);
INSERT INTO `tbl_nilai` VALUES (1393, 1, 5, 111, 77, 84, 80.5);
INSERT INTO `tbl_nilai` VALUES (1394, 1, 5, 112, 80, 39, 59.5);
INSERT INTO `tbl_nilai` VALUES (1395, 1, 5, 113, 61, 76, 68.5);
INSERT INTO `tbl_nilai` VALUES (1396, 1, 5, 114, 78, 85, 81.5);
INSERT INTO `tbl_nilai` VALUES (1397, 1, 5, 115, 80, 85, 82.5);
INSERT INTO `tbl_nilai` VALUES (1398, 1, 5, 116, 80, 85, 82.5);
INSERT INTO `tbl_nilai` VALUES (1399, 1, 5, 117, 78, 83, 80.5);
INSERT INTO `tbl_nilai` VALUES (1400, 1, 5, 118, 79, 89, 84);
INSERT INTO `tbl_nilai` VALUES (1401, 1, 5, 119, 73, 76, 74.5);
INSERT INTO `tbl_nilai` VALUES (1402, 1, 5, 120, 78, 87, 82.5);
INSERT INTO `tbl_nilai` VALUES (1403, 1, 5, 121, 79, 83, 81);
INSERT INTO `tbl_nilai` VALUES (1404, 1, 5, 122, 78, 86, 82);
INSERT INTO `tbl_nilai` VALUES (1405, 1, 5, 123, 62, 76, 69);
INSERT INTO `tbl_nilai` VALUES (1406, 1, 5, 124, 78, 85, 81.5);
INSERT INTO `tbl_nilai` VALUES (1407, 1, 5, 125, 80, 76, 78);
INSERT INTO `tbl_nilai` VALUES (1408, 1, 5, 126, 57, 76, 66.5);
INSERT INTO `tbl_nilai` VALUES (1409, 1, 5, 127, 69, 76, 72.5);
INSERT INTO `tbl_nilai` VALUES (1410, 1, 5, 128, 72, 76, 74);
INSERT INTO `tbl_nilai` VALUES (1411, 1, 5, 129, 80, 84, 82);
INSERT INTO `tbl_nilai` VALUES (1412, 1, 5, 130, 69, 76, 72.5);
INSERT INTO `tbl_nilai` VALUES (1413, 1, 5, 131, 77, 76, 76.5);
INSERT INTO `tbl_nilai` VALUES (1414, 1, 5, 132, 77, 76, 76.5);
INSERT INTO `tbl_nilai` VALUES (1415, 1, 5, 133, 81, 87, 84);
INSERT INTO `tbl_nilai` VALUES (1416, 1, 5, 134, 84, 76, 80);
INSERT INTO `tbl_nilai` VALUES (1417, 1, 5, 135, 79, 76, 77.5);
INSERT INTO `tbl_nilai` VALUES (1418, 1, 5, 136, 80, 88, 84);
INSERT INTO `tbl_nilai` VALUES (1419, 1, 5, 137, 82, 89, 85.5);
INSERT INTO `tbl_nilai` VALUES (1420, 1, 5, 138, 80, 76, 78);
INSERT INTO `tbl_nilai` VALUES (1421, 1, 5, 139, 80, 89, 84.5);
INSERT INTO `tbl_nilai` VALUES (1422, 1, 5, 140, 54, 76, 65);
INSERT INTO `tbl_nilai` VALUES (1423, 1, 5, 141, 67, 76, 71.5);
INSERT INTO `tbl_nilai` VALUES (1424, 1, 6, 69, 84, 85, 84.5);
INSERT INTO `tbl_nilai` VALUES (1425, 1, 6, 70, 79, 80, 79.5);
INSERT INTO `tbl_nilai` VALUES (1426, 1, 6, 71, 69, 86, 77.5);
INSERT INTO `tbl_nilai` VALUES (1427, 1, 6, 72, 77, 89, 83);
INSERT INTO `tbl_nilai` VALUES (1428, 1, 6, 73, 77, 87, 82);
INSERT INTO `tbl_nilai` VALUES (1429, 1, 6, 74, 85, 86, 85.5);
INSERT INTO `tbl_nilai` VALUES (1430, 1, 6, 75, 90, 89, 89.5);
INSERT INTO `tbl_nilai` VALUES (1431, 1, 6, 76, 90, 87, 88.5);
INSERT INTO `tbl_nilai` VALUES (1432, 1, 6, 77, 90, 87, 88.5);
INSERT INTO `tbl_nilai` VALUES (1433, 1, 6, 78, 83, 86, 84.5);
INSERT INTO `tbl_nilai` VALUES (1434, 1, 6, 79, 90, 80, 85);
INSERT INTO `tbl_nilai` VALUES (1435, 1, 6, 80, 81, 86, 83.5);
INSERT INTO `tbl_nilai` VALUES (1436, 1, 6, 81, 81, 86, 83.5);
INSERT INTO `tbl_nilai` VALUES (1437, 1, 6, 82, 89, 87, 88);
INSERT INTO `tbl_nilai` VALUES (1438, 1, 6, 83, 88, 89, 88.5);
INSERT INTO `tbl_nilai` VALUES (1439, 1, 6, 84, 78, 88, 83);
INSERT INTO `tbl_nilai` VALUES (1440, 1, 6, 85, 77, 89, 83);
INSERT INTO `tbl_nilai` VALUES (1441, 1, 6, 86, 78, 80, 79);
INSERT INTO `tbl_nilai` VALUES (1442, 1, 6, 87, 78, 80, 79);
INSERT INTO `tbl_nilai` VALUES (1443, 1, 6, 88, 79, 80, 79.5);
INSERT INTO `tbl_nilai` VALUES (1444, 1, 6, 89, 77, 80, 78.5);
INSERT INTO `tbl_nilai` VALUES (1445, 1, 6, 90, 68, 87, 77.5);
INSERT INTO `tbl_nilai` VALUES (1446, 1, 6, 91, 89, 88, 88.5);
INSERT INTO `tbl_nilai` VALUES (1447, 1, 6, 92, 89, 88, 88.5);
INSERT INTO `tbl_nilai` VALUES (1448, 1, 6, 93, 77, 89, 83);
INSERT INTO `tbl_nilai` VALUES (1449, 1, 6, 94, 85, 80, 82.5);
INSERT INTO `tbl_nilai` VALUES (1450, 1, 6, 95, 85, 86, 85.5);
INSERT INTO `tbl_nilai` VALUES (1451, 1, 6, 96, 77, 80, 78.5);
INSERT INTO `tbl_nilai` VALUES (1452, 1, 6, 97, 77, 80, 78.5);
INSERT INTO `tbl_nilai` VALUES (1453, 1, 6, 98, 90, 89, 89.5);
INSERT INTO `tbl_nilai` VALUES (1454, 1, 6, 99, 82, 88, 85);
INSERT INTO `tbl_nilai` VALUES (1455, 1, 6, 100, 80, 85, 82.5);
INSERT INTO `tbl_nilai` VALUES (1456, 1, 6, 101, 90, 86, 88);
INSERT INTO `tbl_nilai` VALUES (1457, 1, 6, 102, 78, 80, 79);
INSERT INTO `tbl_nilai` VALUES (1458, 1, 6, 103, 77, 80, 78.5);
INSERT INTO `tbl_nilai` VALUES (1459, 1, 6, 104, 83, 80, 81.5);
INSERT INTO `tbl_nilai` VALUES (1460, 1, 6, 105, 29, 0, 14.5);
INSERT INTO `tbl_nilai` VALUES (1461, 1, 6, 106, 79, 80, 79.5);
INSERT INTO `tbl_nilai` VALUES (1462, 1, 6, 107, 79, 82, 80.5);
INSERT INTO `tbl_nilai` VALUES (1463, 1, 6, 108, 80, 86, 83);
INSERT INTO `tbl_nilai` VALUES (1464, 1, 6, 109, 78, 85, 81.5);
INSERT INTO `tbl_nilai` VALUES (1465, 1, 6, 110, 87, 89, 88);
INSERT INTO `tbl_nilai` VALUES (1466, 1, 6, 111, 79, 85, 82);
INSERT INTO `tbl_nilai` VALUES (1467, 1, 6, 112, 82, 86, 84);
INSERT INTO `tbl_nilai` VALUES (1468, 1, 6, 113, 77, 82, 79.5);
INSERT INTO `tbl_nilai` VALUES (1469, 1, 6, 114, 78, 84, 81);
INSERT INTO `tbl_nilai` VALUES (1470, 1, 6, 115, 86, 88, 87);
INSERT INTO `tbl_nilai` VALUES (1471, 1, 6, 116, 87, 90, 88.5);
INSERT INTO `tbl_nilai` VALUES (1472, 1, 6, 117, 77, 82, 79.5);
INSERT INTO `tbl_nilai` VALUES (1473, 1, 6, 118, 85, 86, 85.5);
INSERT INTO `tbl_nilai` VALUES (1474, 1, 6, 119, 85, 87, 86);
INSERT INTO `tbl_nilai` VALUES (1475, 1, 6, 120, 80, 86, 83);
INSERT INTO `tbl_nilai` VALUES (1476, 1, 6, 121, 82, 85, 83.5);
INSERT INTO `tbl_nilai` VALUES (1477, 1, 6, 122, 84, 86, 85);
INSERT INTO `tbl_nilai` VALUES (1478, 1, 6, 123, 77, 86, 81.5);
INSERT INTO `tbl_nilai` VALUES (1479, 1, 6, 124, 80, 88, 84);
INSERT INTO `tbl_nilai` VALUES (1480, 1, 6, 125, 86, 87, 86.5);
INSERT INTO `tbl_nilai` VALUES (1481, 1, 6, 126, 78, 82, 80);
INSERT INTO `tbl_nilai` VALUES (1482, 1, 6, 127, 86, 85, 85.5);
INSERT INTO `tbl_nilai` VALUES (1483, 1, 6, 128, 83, 82, 82.5);
INSERT INTO `tbl_nilai` VALUES (1484, 1, 6, 129, 80, 88, 84);
INSERT INTO `tbl_nilai` VALUES (1485, 1, 6, 130, 78, 82, 80);
INSERT INTO `tbl_nilai` VALUES (1486, 1, 6, 131, 77, 82, 79.5);
INSERT INTO `tbl_nilai` VALUES (1487, 1, 6, 132, 77, 82, 79.5);
INSERT INTO `tbl_nilai` VALUES (1488, 1, 6, 133, 83, 87, 85);
INSERT INTO `tbl_nilai` VALUES (1489, 1, 6, 134, 90, 95, 92.5);
INSERT INTO `tbl_nilai` VALUES (1490, 1, 6, 135, 81, 85, 83);
INSERT INTO `tbl_nilai` VALUES (1491, 1, 6, 136, 83, 85, 84);
INSERT INTO `tbl_nilai` VALUES (1492, 1, 6, 137, 84, 88, 86);
INSERT INTO `tbl_nilai` VALUES (1493, 1, 6, 138, 83, 85, 84);
INSERT INTO `tbl_nilai` VALUES (1494, 1, 6, 139, 83, 88, 85.5);
INSERT INTO `tbl_nilai` VALUES (1495, 1, 6, 140, 32, 80, 56);
INSERT INTO `tbl_nilai` VALUES (1496, 1, 6, 141, 77, 87, 82);
INSERT INTO `tbl_nilai` VALUES (1497, 1, 7, 69, 92, 98, 95);
INSERT INTO `tbl_nilai` VALUES (1498, 1, 7, 70, 93, 98, 95.5);
INSERT INTO `tbl_nilai` VALUES (1499, 1, 7, 71, 85, 95, 90);
INSERT INTO `tbl_nilai` VALUES (1500, 1, 7, 72, 87, 95, 91);
INSERT INTO `tbl_nilai` VALUES (1501, 1, 7, 73, 85, 95, 90);
INSERT INTO `tbl_nilai` VALUES (1502, 1, 7, 74, 97, 100, 98.5);
INSERT INTO `tbl_nilai` VALUES (1503, 1, 7, 75, 93, 98, 95.5);
INSERT INTO `tbl_nilai` VALUES (1504, 1, 7, 76, 95, 98, 96.5);
INSERT INTO `tbl_nilai` VALUES (1505, 1, 7, 77, 97, 100, 98.5);
INSERT INTO `tbl_nilai` VALUES (1506, 1, 7, 78, 95, 98, 96.5);
INSERT INTO `tbl_nilai` VALUES (1507, 1, 7, 79, 91, 98, 94.5);
INSERT INTO `tbl_nilai` VALUES (1508, 1, 7, 80, 91, 98, 94.5);
INSERT INTO `tbl_nilai` VALUES (1509, 1, 7, 81, 93, 100, 96.5);
INSERT INTO `tbl_nilai` VALUES (1510, 1, 7, 82, 93, 100, 96.5);
INSERT INTO `tbl_nilai` VALUES (1511, 1, 7, 83, 99, 100, 99.5);
INSERT INTO `tbl_nilai` VALUES (1512, 1, 7, 84, 87, 98, 92.5);
INSERT INTO `tbl_nilai` VALUES (1513, 1, 7, 85, 87, 98, 92.5);
INSERT INTO `tbl_nilai` VALUES (1514, 1, 7, 86, 92, 98, 95);
INSERT INTO `tbl_nilai` VALUES (1515, 1, 7, 87, 89, 98, 93.5);
INSERT INTO `tbl_nilai` VALUES (1516, 1, 7, 88, 90, 98, 94);
INSERT INTO `tbl_nilai` VALUES (1517, 1, 7, 89, 87, 98, 92.5);
INSERT INTO `tbl_nilai` VALUES (1518, 1, 7, 90, 85, 95, 90);
INSERT INTO `tbl_nilai` VALUES (1519, 1, 7, 91, 99, 100, 99.5);
INSERT INTO `tbl_nilai` VALUES (1520, 1, 7, 92, 99, 100, 99.5);
INSERT INTO `tbl_nilai` VALUES (1521, 1, 7, 93, 87, 95, 91);
INSERT INTO `tbl_nilai` VALUES (1522, 1, 7, 94, 93, 98, 95.5);
INSERT INTO `tbl_nilai` VALUES (1523, 1, 7, 95, 94, 100, 97);
INSERT INTO `tbl_nilai` VALUES (1524, 1, 7, 96, 90, 98, 94);
INSERT INTO `tbl_nilai` VALUES (1525, 1, 7, 97, 87, 95, 91);
INSERT INTO `tbl_nilai` VALUES (1526, 1, 7, 98, 94, 98, 96);
INSERT INTO `tbl_nilai` VALUES (1527, 1, 7, 99, 93, 98, 95.5);
INSERT INTO `tbl_nilai` VALUES (1528, 1, 7, 100, 93, 98, 95.5);
INSERT INTO `tbl_nilai` VALUES (1529, 1, 7, 101, 97, 100, 98.5);
INSERT INTO `tbl_nilai` VALUES (1530, 1, 7, 102, 95, 100, 97.5);
INSERT INTO `tbl_nilai` VALUES (1531, 1, 7, 103, 94, 98, 96);
INSERT INTO `tbl_nilai` VALUES (1532, 1, 7, 104, 96, 100, 98);
INSERT INTO `tbl_nilai` VALUES (1533, 1, 7, 105, 0, 0, 0);
INSERT INTO `tbl_nilai` VALUES (1534, 1, 7, 106, 89, 95, 92);
INSERT INTO `tbl_nilai` VALUES (1535, 1, 7, 107, 88, 95, 91.5);
INSERT INTO `tbl_nilai` VALUES (1536, 1, 7, 108, 89, 98, 93.5);
INSERT INTO `tbl_nilai` VALUES (1537, 1, 7, 109, 91, 98, 94.5);
INSERT INTO `tbl_nilai` VALUES (1538, 1, 7, 110, 96, 98, 97);
INSERT INTO `tbl_nilai` VALUES (1539, 1, 7, 111, 93, 98, 95.5);
INSERT INTO `tbl_nilai` VALUES (1540, 1, 7, 112, 93, 98, 95.5);
INSERT INTO `tbl_nilai` VALUES (1541, 1, 7, 113, 85, 90, 87.5);
INSERT INTO `tbl_nilai` VALUES (1542, 1, 7, 114, 93, 98, 95.5);
INSERT INTO `tbl_nilai` VALUES (1543, 1, 7, 115, 93, 98, 95.5);
INSERT INTO `tbl_nilai` VALUES (1544, 1, 7, 116, 88, 90, 89);
INSERT INTO `tbl_nilai` VALUES (1545, 1, 7, 117, 92, 98, 95);
INSERT INTO `tbl_nilai` VALUES (1546, 1, 7, 118, 94, 98, 96);
INSERT INTO `tbl_nilai` VALUES (1547, 1, 7, 119, 93, 98, 95.5);
INSERT INTO `tbl_nilai` VALUES (1548, 1, 7, 120, 92, 98, 95);
INSERT INTO `tbl_nilai` VALUES (1549, 1, 7, 121, 92, 98, 95);
INSERT INTO `tbl_nilai` VALUES (1550, 1, 7, 122, 95, 98, 96.5);
INSERT INTO `tbl_nilai` VALUES (1551, 1, 7, 123, 91, 95, 93);
INSERT INTO `tbl_nilai` VALUES (1552, 1, 7, 124, 95, 98, 96.5);
INSERT INTO `tbl_nilai` VALUES (1553, 1, 7, 125, 94, 95, 94.5);
INSERT INTO `tbl_nilai` VALUES (1554, 1, 7, 126, 87, 95, 91);
INSERT INTO `tbl_nilai` VALUES (1555, 1, 7, 127, 90, 95, 92.5);
INSERT INTO `tbl_nilai` VALUES (1556, 1, 7, 128, 89, 95, 92);
INSERT INTO `tbl_nilai` VALUES (1557, 1, 7, 129, 94, 98, 96);
INSERT INTO `tbl_nilai` VALUES (1558, 1, 7, 130, 90, 95, 92.5);
INSERT INTO `tbl_nilai` VALUES (1559, 1, 7, 131, 84, 90, 87);
INSERT INTO `tbl_nilai` VALUES (1560, 1, 7, 132, 88, 98, 93);
INSERT INTO `tbl_nilai` VALUES (1561, 1, 7, 133, 95, 98, 96.5);
INSERT INTO `tbl_nilai` VALUES (1562, 1, 7, 134, 97, 98, 97.5);
INSERT INTO `tbl_nilai` VALUES (1563, 1, 7, 135, 95, 98, 96.5);
INSERT INTO `tbl_nilai` VALUES (1564, 1, 7, 136, 92, 98, 95);
INSERT INTO `tbl_nilai` VALUES (1565, 1, 7, 137, 95, 98, 96.5);
INSERT INTO `tbl_nilai` VALUES (1566, 1, 7, 138, 96, 98, 97);
INSERT INTO `tbl_nilai` VALUES (1567, 1, 7, 139, 96, 98, 97);
INSERT INTO `tbl_nilai` VALUES (1568, 1, 7, 140, 87, 90, 88.5);
INSERT INTO `tbl_nilai` VALUES (1569, 1, 7, 141, 88, 95, 91.5);
INSERT INTO `tbl_nilai` VALUES (1570, 1, 8, 69, 81, 84, 82.5);
INSERT INTO `tbl_nilai` VALUES (1571, 1, 8, 70, 82, 85, 83.5);
INSERT INTO `tbl_nilai` VALUES (1572, 1, 8, 71, 81, 85, 83);
INSERT INTO `tbl_nilai` VALUES (1573, 1, 8, 72, 80, 82, 81);
INSERT INTO `tbl_nilai` VALUES (1574, 1, 8, 73, 82, 88, 85);
INSERT INTO `tbl_nilai` VALUES (1575, 1, 8, 74, 83, 84, 83.5);
INSERT INTO `tbl_nilai` VALUES (1576, 1, 8, 75, 83, 86, 84.5);
INSERT INTO `tbl_nilai` VALUES (1577, 1, 8, 76, 81, 84, 82.5);
INSERT INTO `tbl_nilai` VALUES (1578, 1, 8, 77, 81, 82, 81.5);
INSERT INTO `tbl_nilai` VALUES (1579, 1, 8, 78, 81, 85, 83);
INSERT INTO `tbl_nilai` VALUES (1580, 1, 8, 79, 93, 88, 90.5);
INSERT INTO `tbl_nilai` VALUES (1581, 1, 8, 80, 80, 82, 81);
INSERT INTO `tbl_nilai` VALUES (1582, 1, 8, 81, 81, 84, 82.5);
INSERT INTO `tbl_nilai` VALUES (1583, 1, 8, 82, 81, 82, 81.5);
INSERT INTO `tbl_nilai` VALUES (1584, 1, 8, 83, 82, 87, 84.5);
INSERT INTO `tbl_nilai` VALUES (1585, 1, 8, 84, 80, 82, 81);
INSERT INTO `tbl_nilai` VALUES (1586, 1, 8, 85, 82, 90, 86);
INSERT INTO `tbl_nilai` VALUES (1587, 1, 8, 86, 80, 82, 81);
INSERT INTO `tbl_nilai` VALUES (1588, 1, 8, 87, 80, 82, 81);
INSERT INTO `tbl_nilai` VALUES (1589, 1, 8, 88, 81, 83, 82);
INSERT INTO `tbl_nilai` VALUES (1590, 1, 8, 89, 83, 90, 86.5);
INSERT INTO `tbl_nilai` VALUES (1591, 1, 8, 90, 80, 82, 81);
INSERT INTO `tbl_nilai` VALUES (1592, 1, 8, 91, 83, 88, 85.5);
INSERT INTO `tbl_nilai` VALUES (1593, 1, 8, 92, 83, 86, 84.5);
INSERT INTO `tbl_nilai` VALUES (1594, 1, 8, 93, 80, 82, 81);
INSERT INTO `tbl_nilai` VALUES (1595, 1, 8, 94, 80, 84, 82);
INSERT INTO `tbl_nilai` VALUES (1596, 1, 8, 95, 80, 83, 81.5);
INSERT INTO `tbl_nilai` VALUES (1597, 1, 8, 96, 80, 82, 81);
INSERT INTO `tbl_nilai` VALUES (1598, 1, 8, 97, 80, 84, 82);
INSERT INTO `tbl_nilai` VALUES (1599, 1, 8, 98, 80, 82, 81);
INSERT INTO `tbl_nilai` VALUES (1600, 1, 8, 99, 81, 84, 82.5);
INSERT INTO `tbl_nilai` VALUES (1601, 1, 8, 100, 83, 88, 85.5);
INSERT INTO `tbl_nilai` VALUES (1602, 1, 8, 101, 82, 84, 83);
INSERT INTO `tbl_nilai` VALUES (1603, 1, 8, 102, 83, 86, 84.5);
INSERT INTO `tbl_nilai` VALUES (1604, 1, 8, 103, 83, 86, 84.5);
INSERT INTO `tbl_nilai` VALUES (1605, 1, 8, 104, 80, 83, 81.5);
INSERT INTO `tbl_nilai` VALUES (1606, 1, 8, 105, 80, 0, 40);
INSERT INTO `tbl_nilai` VALUES (1607, 1, 8, 106, 81, 82, 81.5);
INSERT INTO `tbl_nilai` VALUES (1608, 1, 8, 107, 81, 88, 84.5);
INSERT INTO `tbl_nilai` VALUES (1609, 1, 8, 108, 80, 82, 81);
INSERT INTO `tbl_nilai` VALUES (1610, 1, 8, 109, 80, 82, 81);
INSERT INTO `tbl_nilai` VALUES (1611, 1, 8, 110, 82, 84, 83);
INSERT INTO `tbl_nilai` VALUES (1612, 1, 8, 111, 80, 82, 81);
INSERT INTO `tbl_nilai` VALUES (1613, 1, 8, 112, 81, 84, 82.5);
INSERT INTO `tbl_nilai` VALUES (1614, 1, 8, 113, 80, 82, 81);
INSERT INTO `tbl_nilai` VALUES (1615, 1, 8, 114, 81, 84, 82.5);
INSERT INTO `tbl_nilai` VALUES (1616, 1, 8, 115, 80, 84, 82);
INSERT INTO `tbl_nilai` VALUES (1617, 1, 8, 116, 83, 86, 84.5);
INSERT INTO `tbl_nilai` VALUES (1618, 1, 8, 117, 80, 80, 80);
INSERT INTO `tbl_nilai` VALUES (1619, 1, 8, 118, 81, 80, 80.5);
INSERT INTO `tbl_nilai` VALUES (1620, 1, 8, 119, 80, 86, 83);
INSERT INTO `tbl_nilai` VALUES (1621, 1, 8, 120, 80, 84, 82);
INSERT INTO `tbl_nilai` VALUES (1622, 1, 8, 121, 81, 85, 83);
INSERT INTO `tbl_nilai` VALUES (1623, 1, 8, 122, 80, 82, 81);
INSERT INTO `tbl_nilai` VALUES (1624, 1, 8, 123, 80, 82, 81);
INSERT INTO `tbl_nilai` VALUES (1625, 1, 8, 124, 80, 82, 81);
INSERT INTO `tbl_nilai` VALUES (1626, 1, 8, 125, 81, 85, 83);
INSERT INTO `tbl_nilai` VALUES (1627, 1, 8, 126, 80, 80, 80);
INSERT INTO `tbl_nilai` VALUES (1628, 1, 8, 127, 81, 85, 83);
INSERT INTO `tbl_nilai` VALUES (1629, 1, 8, 128, 82, 86, 84);
INSERT INTO `tbl_nilai` VALUES (1630, 1, 8, 129, 80, 82, 81);
INSERT INTO `tbl_nilai` VALUES (1631, 1, 8, 130, 83, 85, 84);
INSERT INTO `tbl_nilai` VALUES (1632, 1, 8, 131, 80, 80, 80);
INSERT INTO `tbl_nilai` VALUES (1633, 1, 8, 132, 81, 84, 82.5);
INSERT INTO `tbl_nilai` VALUES (1634, 1, 8, 133, 82, 83, 82.5);
INSERT INTO `tbl_nilai` VALUES (1635, 1, 8, 134, 81, 85, 83);
INSERT INTO `tbl_nilai` VALUES (1636, 1, 8, 135, 80, 82, 81);
INSERT INTO `tbl_nilai` VALUES (1637, 1, 8, 136, 81, 84, 82.5);
INSERT INTO `tbl_nilai` VALUES (1638, 1, 8, 137, 80, 83, 81.5);
INSERT INTO `tbl_nilai` VALUES (1639, 1, 8, 138, 80, 82, 81);
INSERT INTO `tbl_nilai` VALUES (1640, 1, 8, 139, 80, 82, 81);
INSERT INTO `tbl_nilai` VALUES (1641, 1, 8, 140, 80, 80, 80);
INSERT INTO `tbl_nilai` VALUES (1642, 1, 8, 141, 80, 82, 81);
INSERT INTO `tbl_nilai` VALUES (1643, 1, 9, 69, 81, 87, 84);
INSERT INTO `tbl_nilai` VALUES (1644, 1, 9, 70, 82, 83, 82.5);
INSERT INTO `tbl_nilai` VALUES (1645, 1, 9, 71, 80, 81, 80.5);
INSERT INTO `tbl_nilai` VALUES (1646, 1, 9, 72, 80, 97, 88.5);
INSERT INTO `tbl_nilai` VALUES (1647, 1, 9, 73, 80, 97, 88.5);
INSERT INTO `tbl_nilai` VALUES (1648, 1, 9, 74, 80, 97, 88.5);
INSERT INTO `tbl_nilai` VALUES (1649, 1, 9, 75, 80, 97, 88.5);
INSERT INTO `tbl_nilai` VALUES (1650, 1, 9, 76, 89, 97, 93);
INSERT INTO `tbl_nilai` VALUES (1651, 1, 9, 77, 85, 97, 91);
INSERT INTO `tbl_nilai` VALUES (1652, 1, 9, 78, 81, 97, 89);
INSERT INTO `tbl_nilai` VALUES (1653, 1, 9, 79, 83, 97, 90);
INSERT INTO `tbl_nilai` VALUES (1654, 1, 9, 80, 82, 97, 89.5);
INSERT INTO `tbl_nilai` VALUES (1655, 1, 9, 81, 83, 97, 90);
INSERT INTO `tbl_nilai` VALUES (1656, 1, 9, 82, 88, 97, 92.5);
INSERT INTO `tbl_nilai` VALUES (1657, 1, 9, 83, 85, 97, 91);
INSERT INTO `tbl_nilai` VALUES (1658, 1, 9, 84, 80, 97, 88.5);
INSERT INTO `tbl_nilai` VALUES (1659, 1, 9, 85, 80, 97, 88.5);
INSERT INTO `tbl_nilai` VALUES (1660, 1, 9, 86, 82, 81, 81.5);
INSERT INTO `tbl_nilai` VALUES (1661, 1, 9, 87, 80, 90, 85);
INSERT INTO `tbl_nilai` VALUES (1662, 1, 9, 88, 80, 97, 88.5);
INSERT INTO `tbl_nilai` VALUES (1663, 1, 9, 89, 81, 97, 89);
INSERT INTO `tbl_nilai` VALUES (1664, 1, 9, 90, 82, 83, 82.5);
INSERT INTO `tbl_nilai` VALUES (1665, 1, 9, 91, 89, 97, 93);
INSERT INTO `tbl_nilai` VALUES (1666, 1, 9, 92, 89, 97, 93);
INSERT INTO `tbl_nilai` VALUES (1667, 1, 9, 93, 82, 80, 81);
INSERT INTO `tbl_nilai` VALUES (1668, 1, 9, 94, 83, 82, 82.5);
INSERT INTO `tbl_nilai` VALUES (1669, 1, 9, 95, 80, 97, 88.5);
INSERT INTO `tbl_nilai` VALUES (1670, 1, 9, 96, 84, 97, 90.5);
INSERT INTO `tbl_nilai` VALUES (1671, 1, 9, 97, 80, 97, 88.5);
INSERT INTO `tbl_nilai` VALUES (1672, 1, 9, 98, 84, 97, 90.5);
INSERT INTO `tbl_nilai` VALUES (1673, 1, 9, 99, 81, 97, 89);
INSERT INTO `tbl_nilai` VALUES (1674, 1, 9, 100, 83, 97, 90);
INSERT INTO `tbl_nilai` VALUES (1675, 1, 9, 101, 80, 90, 85);
INSERT INTO `tbl_nilai` VALUES (1676, 1, 9, 102, 82, 90, 86);
INSERT INTO `tbl_nilai` VALUES (1677, 1, 9, 103, 80, 97, 88.5);
INSERT INTO `tbl_nilai` VALUES (1678, 1, 9, 104, 84, 97, 90.5);
INSERT INTO `tbl_nilai` VALUES (1679, 1, 9, 105, 81, 97, 89);
INSERT INTO `tbl_nilai` VALUES (1680, 1, 9, 106, 80, 97, 88.5);
INSERT INTO `tbl_nilai` VALUES (1681, 1, 9, 107, 81, 92, 86.5);
INSERT INTO `tbl_nilai` VALUES (1682, 1, 9, 108, 80, 97, 88.5);
INSERT INTO `tbl_nilai` VALUES (1683, 1, 9, 109, 81, 97, 89);
INSERT INTO `tbl_nilai` VALUES (1684, 1, 9, 110, 86, 97, 91.5);
INSERT INTO `tbl_nilai` VALUES (1685, 1, 9, 111, 80, 97, 88.5);
INSERT INTO `tbl_nilai` VALUES (1686, 1, 9, 112, 82, 97, 89.5);
INSERT INTO `tbl_nilai` VALUES (1687, 1, 9, 113, 80, 88, 84);
INSERT INTO `tbl_nilai` VALUES (1688, 1, 9, 114, 82, 97, 89.5);
INSERT INTO `tbl_nilai` VALUES (1689, 1, 9, 115, 84, 97, 90.5);
INSERT INTO `tbl_nilai` VALUES (1690, 1, 9, 116, 78, 85, 81.5);
INSERT INTO `tbl_nilai` VALUES (1691, 1, 9, 117, 80, 90, 85);
INSERT INTO `tbl_nilai` VALUES (1692, 1, 9, 118, 85, 97, 91);
INSERT INTO `tbl_nilai` VALUES (1693, 1, 9, 119, 82, 88, 85);
INSERT INTO `tbl_nilai` VALUES (1694, 1, 9, 120, 80, 85, 82.5);
INSERT INTO `tbl_nilai` VALUES (1695, 1, 9, 121, 85, 90, 87.5);
INSERT INTO `tbl_nilai` VALUES (1696, 1, 9, 122, 85, 97, 91);
INSERT INTO `tbl_nilai` VALUES (1697, 1, 9, 123, 80, 83, 81.5);
INSERT INTO `tbl_nilai` VALUES (1698, 1, 9, 124, 78, 97, 87.5);
INSERT INTO `tbl_nilai` VALUES (1699, 1, 9, 125, 83, 97, 90);
INSERT INTO `tbl_nilai` VALUES (1700, 1, 9, 126, 73, 83, 78);
INSERT INTO `tbl_nilai` VALUES (1701, 1, 9, 127, 81, 90, 85.5);
INSERT INTO `tbl_nilai` VALUES (1702, 1, 9, 128, 83, 82, 82.5);
INSERT INTO `tbl_nilai` VALUES (1703, 1, 9, 129, 85, 97, 91);
INSERT INTO `tbl_nilai` VALUES (1704, 1, 9, 130, 75, 83, 79);
INSERT INTO `tbl_nilai` VALUES (1705, 1, 9, 131, 82, 85, 83.5);
INSERT INTO `tbl_nilai` VALUES (1706, 1, 9, 132, 81, 97, 89);
INSERT INTO `tbl_nilai` VALUES (1707, 1, 9, 133, 83, 83, 83);
INSERT INTO `tbl_nilai` VALUES (1708, 1, 9, 134, 82, 97, 89.5);
INSERT INTO `tbl_nilai` VALUES (1709, 1, 9, 135, 82, 92, 87);
INSERT INTO `tbl_nilai` VALUES (1710, 1, 9, 136, 89, 97, 93);
INSERT INTO `tbl_nilai` VALUES (1711, 1, 9, 137, 83, 97, 90);
INSERT INTO `tbl_nilai` VALUES (1712, 1, 9, 138, 86, 97, 91.5);
INSERT INTO `tbl_nilai` VALUES (1713, 1, 9, 139, 83, 97, 90);
INSERT INTO `tbl_nilai` VALUES (1714, 1, 9, 140, 74, 82, 78);
INSERT INTO `tbl_nilai` VALUES (1715, 1, 9, 141, 77, 81, 79);
INSERT INTO `tbl_nilai` VALUES (1716, 1, 16, 69, 79, 80, 79.5);
INSERT INTO `tbl_nilai` VALUES (1717, 1, 16, 70, 79, 80, 79.5);
INSERT INTO `tbl_nilai` VALUES (1718, 1, 16, 71, 78, 78, 78);
INSERT INTO `tbl_nilai` VALUES (1719, 1, 16, 72, 78, 80, 79);
INSERT INTO `tbl_nilai` VALUES (1720, 1, 16, 73, 78, 78, 78);
INSERT INTO `tbl_nilai` VALUES (1721, 1, 16, 74, 79, 80, 79.5);
INSERT INTO `tbl_nilai` VALUES (1722, 1, 16, 75, 79, 80, 79.5);
INSERT INTO `tbl_nilai` VALUES (1723, 1, 16, 76, 79, 80, 79.5);
INSERT INTO `tbl_nilai` VALUES (1724, 1, 16, 77, 79, 80, 79.5);
INSERT INTO `tbl_nilai` VALUES (1725, 1, 16, 78, 79, 80, 79.5);
INSERT INTO `tbl_nilai` VALUES (1726, 1, 16, 79, 79, 80, 79.5);
INSERT INTO `tbl_nilai` VALUES (1727, 1, 16, 80, 79, 80, 79.5);
INSERT INTO `tbl_nilai` VALUES (1728, 1, 16, 81, 79, 80, 79.5);
INSERT INTO `tbl_nilai` VALUES (1729, 1, 16, 82, 79, 80, 79.5);
INSERT INTO `tbl_nilai` VALUES (1730, 1, 16, 83, 79, 80, 79.5);
INSERT INTO `tbl_nilai` VALUES (1731, 1, 16, 84, 79, 80, 79.5);
INSERT INTO `tbl_nilai` VALUES (1732, 1, 16, 85, 78, 80, 79);
INSERT INTO `tbl_nilai` VALUES (1733, 1, 16, 86, 79, 80, 79.5);
INSERT INTO `tbl_nilai` VALUES (1734, 1, 16, 87, 78, 78, 78);
INSERT INTO `tbl_nilai` VALUES (1735, 1, 16, 88, 79, 80, 79.5);
INSERT INTO `tbl_nilai` VALUES (1736, 1, 16, 89, 78, 80, 79);
INSERT INTO `tbl_nilai` VALUES (1737, 1, 16, 90, 79, 80, 79.5);
INSERT INTO `tbl_nilai` VALUES (1738, 1, 16, 91, 79, 80, 79.5);
INSERT INTO `tbl_nilai` VALUES (1739, 1, 16, 92, 79, 80, 79.5);
INSERT INTO `tbl_nilai` VALUES (1740, 1, 16, 93, 79, 78, 78.5);
INSERT INTO `tbl_nilai` VALUES (1741, 1, 16, 94, 79, 80, 79.5);
INSERT INTO `tbl_nilai` VALUES (1742, 1, 16, 95, 79, 80, 79.5);
INSERT INTO `tbl_nilai` VALUES (1743, 1, 16, 96, 79, 80, 79.5);
INSERT INTO `tbl_nilai` VALUES (1744, 1, 16, 97, 79, 80, 79.5);
INSERT INTO `tbl_nilai` VALUES (1745, 1, 16, 98, 79, 80, 79.5);
INSERT INTO `tbl_nilai` VALUES (1746, 1, 16, 99, 79, 80, 79.5);
INSERT INTO `tbl_nilai` VALUES (1747, 1, 16, 100, 79, 80, 79.5);
INSERT INTO `tbl_nilai` VALUES (1748, 1, 16, 101, 78, 80, 79);
INSERT INTO `tbl_nilai` VALUES (1749, 1, 16, 102, 79, 80, 79.5);
INSERT INTO `tbl_nilai` VALUES (1750, 1, 16, 103, 79, 80, 79.5);
INSERT INTO `tbl_nilai` VALUES (1751, 1, 16, 104, 79, 80, 79.5);
INSERT INTO `tbl_nilai` VALUES (1752, 1, 16, 105, 78, 80, 79);
INSERT INTO `tbl_nilai` VALUES (1753, 1, 16, 106, 78, 80, 79);
INSERT INTO `tbl_nilai` VALUES (1754, 1, 16, 107, 78, 80, 79);
INSERT INTO `tbl_nilai` VALUES (1755, 1, 16, 108, 78, 80, 79);
INSERT INTO `tbl_nilai` VALUES (1756, 1, 16, 109, 79, 80, 79.5);
INSERT INTO `tbl_nilai` VALUES (1757, 1, 16, 110, 79, 80, 79.5);
INSERT INTO `tbl_nilai` VALUES (1758, 1, 16, 111, 78, 80, 79);
INSERT INTO `tbl_nilai` VALUES (1759, 1, 16, 112, 78, 80, 79);
INSERT INTO `tbl_nilai` VALUES (1760, 1, 16, 113, 78, 78, 78);
INSERT INTO `tbl_nilai` VALUES (1761, 1, 16, 114, 79, 80, 79.5);
INSERT INTO `tbl_nilai` VALUES (1762, 1, 16, 115, 78, 80, 79);
INSERT INTO `tbl_nilai` VALUES (1763, 1, 16, 116, 77, 80, 78.5);
INSERT INTO `tbl_nilai` VALUES (1764, 1, 16, 117, 79, 80, 79.5);
INSERT INTO `tbl_nilai` VALUES (1765, 1, 16, 118, 79, 80, 79.5);
INSERT INTO `tbl_nilai` VALUES (1766, 1, 16, 119, 79, 80, 79.5);
INSERT INTO `tbl_nilai` VALUES (1767, 1, 16, 120, 78, 80, 79);
INSERT INTO `tbl_nilai` VALUES (1768, 1, 16, 121, 79, 80, 79.5);
INSERT INTO `tbl_nilai` VALUES (1769, 1, 16, 122, 79, 80, 79.5);
INSERT INTO `tbl_nilai` VALUES (1770, 1, 16, 123, 78, 80, 79);
INSERT INTO `tbl_nilai` VALUES (1771, 1, 16, 124, 78, 80, 79);
INSERT INTO `tbl_nilai` VALUES (1772, 1, 16, 125, 79, 80, 79.5);
INSERT INTO `tbl_nilai` VALUES (1773, 1, 16, 126, 78, 78, 78);
INSERT INTO `tbl_nilai` VALUES (1774, 1, 16, 127, 78, 80, 79);
INSERT INTO `tbl_nilai` VALUES (1775, 1, 16, 128, 79, 78, 78.5);
INSERT INTO `tbl_nilai` VALUES (1776, 1, 16, 129, 79, 80, 79.5);
INSERT INTO `tbl_nilai` VALUES (1777, 1, 16, 130, 79, 80, 79.5);
INSERT INTO `tbl_nilai` VALUES (1778, 1, 16, 131, 79, 80, 79.5);
INSERT INTO `tbl_nilai` VALUES (1779, 1, 16, 132, 78, 80, 79);
INSERT INTO `tbl_nilai` VALUES (1780, 1, 16, 133, 79, 80, 79.5);
INSERT INTO `tbl_nilai` VALUES (1781, 1, 16, 134, 80, 80, 80);
INSERT INTO `tbl_nilai` VALUES (1782, 1, 16, 135, 80, 80, 80);
INSERT INTO `tbl_nilai` VALUES (1783, 1, 16, 136, 82, 80, 81);
INSERT INTO `tbl_nilai` VALUES (1784, 1, 16, 137, 79, 80, 79.5);
INSERT INTO `tbl_nilai` VALUES (1785, 1, 16, 138, 79, 80, 79.5);
INSERT INTO `tbl_nilai` VALUES (1786, 1, 16, 139, 79, 80, 79.5);
INSERT INTO `tbl_nilai` VALUES (1787, 1, 16, 140, 78, 80, 79);
INSERT INTO `tbl_nilai` VALUES (1788, 1, 16, 141, 78, 80, 79);
INSERT INTO `tbl_nilai` VALUES (1789, 1, 17, 69, 82, 95, 88.5);
INSERT INTO `tbl_nilai` VALUES (1790, 1, 17, 70, 80, 85, 82.5);
INSERT INTO `tbl_nilai` VALUES (1791, 1, 17, 71, 57, 80, 68.5);
INSERT INTO `tbl_nilai` VALUES (1792, 1, 17, 72, 81, 80, 80.5);
INSERT INTO `tbl_nilai` VALUES (1793, 1, 17, 73, 79, 80, 79.5);
INSERT INTO `tbl_nilai` VALUES (1794, 1, 17, 74, 81, 90, 85.5);
INSERT INTO `tbl_nilai` VALUES (1795, 1, 17, 75, 77, 85, 81);
INSERT INTO `tbl_nilai` VALUES (1796, 1, 17, 76, 85, 95, 90);
INSERT INTO `tbl_nilai` VALUES (1797, 1, 17, 77, 84, 95, 89.5);
INSERT INTO `tbl_nilai` VALUES (1798, 1, 17, 78, 81, 90, 85.5);
INSERT INTO `tbl_nilai` VALUES (1799, 1, 17, 79, 82, 85, 83.5);
INSERT INTO `tbl_nilai` VALUES (1800, 1, 17, 80, 80, 85, 82.5);
INSERT INTO `tbl_nilai` VALUES (1801, 1, 17, 81, 86, 95, 90.5);
INSERT INTO `tbl_nilai` VALUES (1802, 1, 17, 82, 82, 85, 83.5);
INSERT INTO `tbl_nilai` VALUES (1803, 1, 17, 83, 86, 95, 90.5);
INSERT INTO `tbl_nilai` VALUES (1804, 1, 17, 84, 80, 85, 82.5);
INSERT INTO `tbl_nilai` VALUES (1805, 1, 17, 85, 79, 85, 82);
INSERT INTO `tbl_nilai` VALUES (1806, 1, 17, 86, 83, 85, 84);
INSERT INTO `tbl_nilai` VALUES (1807, 1, 17, 87, 80, 85, 82.5);
INSERT INTO `tbl_nilai` VALUES (1808, 1, 17, 88, 80, 85, 82.5);
INSERT INTO `tbl_nilai` VALUES (1809, 1, 17, 89, 80, 90, 85);
INSERT INTO `tbl_nilai` VALUES (1810, 1, 17, 90, 80, 80, 80);
INSERT INTO `tbl_nilai` VALUES (1811, 1, 17, 91, 92, 95, 93.5);
INSERT INTO `tbl_nilai` VALUES (1812, 1, 17, 92, 91, 95, 93);
INSERT INTO `tbl_nilai` VALUES (1813, 1, 17, 93, 79, 85, 82);
INSERT INTO `tbl_nilai` VALUES (1814, 1, 17, 94, 82, 85, 83.5);
INSERT INTO `tbl_nilai` VALUES (1815, 1, 17, 95, 80, 80, 80);
INSERT INTO `tbl_nilai` VALUES (1816, 1, 17, 96, 80, 85, 82.5);
INSERT INTO `tbl_nilai` VALUES (1817, 1, 17, 97, 59, 80, 69.5);
INSERT INTO `tbl_nilai` VALUES (1818, 1, 17, 98, 84, 90, 87);
INSERT INTO `tbl_nilai` VALUES (1819, 1, 17, 99, 80, 90, 85);
INSERT INTO `tbl_nilai` VALUES (1820, 1, 17, 100, 82, 90, 86);
INSERT INTO `tbl_nilai` VALUES (1821, 1, 17, 101, 81, 90, 85.5);
INSERT INTO `tbl_nilai` VALUES (1822, 1, 17, 102, 80, 90, 85);
INSERT INTO `tbl_nilai` VALUES (1823, 1, 17, 103, 80, 85, 82.5);
INSERT INTO `tbl_nilai` VALUES (1824, 1, 17, 104, 81, 85, 83);
INSERT INTO `tbl_nilai` VALUES (1825, 1, 17, 105, 18, 0, 9);
INSERT INTO `tbl_nilai` VALUES (1826, 1, 17, 106, 79, 90, 84.5);
INSERT INTO `tbl_nilai` VALUES (1827, 1, 17, 107, 78, 90, 84);
INSERT INTO `tbl_nilai` VALUES (1828, 1, 17, 108, 80, 90, 85);
INSERT INTO `tbl_nilai` VALUES (1829, 1, 17, 109, 81, 90, 85.5);
INSERT INTO `tbl_nilai` VALUES (1830, 1, 17, 110, 83, 90, 86.5);
INSERT INTO `tbl_nilai` VALUES (1831, 1, 17, 111, 79, 90, 84.5);
INSERT INTO `tbl_nilai` VALUES (1832, 1, 17, 112, 81, 90, 85.5);
INSERT INTO `tbl_nilai` VALUES (1833, 1, 17, 113, 77, 90, 83.5);
INSERT INTO `tbl_nilai` VALUES (1834, 1, 17, 114, 83, 90, 86.5);
INSERT INTO `tbl_nilai` VALUES (1835, 1, 17, 115, 83, 90, 86.5);
INSERT INTO `tbl_nilai` VALUES (1836, 1, 17, 116, 80, 90, 85);
INSERT INTO `tbl_nilai` VALUES (1837, 1, 17, 117, 80, 90, 85);
INSERT INTO `tbl_nilai` VALUES (1838, 1, 17, 118, 82, 90, 86);
INSERT INTO `tbl_nilai` VALUES (1839, 1, 17, 119, 79, 90, 84.5);
INSERT INTO `tbl_nilai` VALUES (1840, 1, 17, 120, 81, 90, 85.5);
INSERT INTO `tbl_nilai` VALUES (1841, 1, 17, 121, 86, 90, 88);
INSERT INTO `tbl_nilai` VALUES (1842, 1, 17, 122, 82, 90, 86);
INSERT INTO `tbl_nilai` VALUES (1843, 1, 17, 123, 79, 90, 84.5);
INSERT INTO `tbl_nilai` VALUES (1844, 1, 17, 124, 82, 90, 86);
INSERT INTO `tbl_nilai` VALUES (1845, 1, 17, 125, 80, 90, 85);
INSERT INTO `tbl_nilai` VALUES (1846, 1, 17, 126, 79, 90, 84.5);
INSERT INTO `tbl_nilai` VALUES (1847, 1, 17, 127, 79, 90, 84.5);
INSERT INTO `tbl_nilai` VALUES (1848, 1, 17, 128, 79, 90, 84.5);
INSERT INTO `tbl_nilai` VALUES (1849, 1, 17, 129, 84, 90, 87);
INSERT INTO `tbl_nilai` VALUES (1850, 1, 17, 130, 80, 90, 85);
INSERT INTO `tbl_nilai` VALUES (1851, 1, 17, 131, 76, 90, 83);
INSERT INTO `tbl_nilai` VALUES (1852, 1, 17, 132, 79, 90, 84.5);
INSERT INTO `tbl_nilai` VALUES (1853, 1, 17, 133, 87, 90, 88.5);
INSERT INTO `tbl_nilai` VALUES (1854, 1, 17, 134, 84, 90, 87);
INSERT INTO `tbl_nilai` VALUES (1855, 1, 17, 135, 82, 90, 86);
INSERT INTO `tbl_nilai` VALUES (1856, 1, 17, 136, 86, 90, 88);
INSERT INTO `tbl_nilai` VALUES (1857, 1, 17, 137, 84, 90, 87);
INSERT INTO `tbl_nilai` VALUES (1858, 1, 17, 138, 82, 90, 86);
INSERT INTO `tbl_nilai` VALUES (1859, 1, 17, 139, 82, 90, 86);
INSERT INTO `tbl_nilai` VALUES (1860, 1, 17, 140, 43, 90, 66.5);
INSERT INTO `tbl_nilai` VALUES (1861, 1, 17, 141, 79, 90, 84.5);
INSERT INTO `tbl_nilai` VALUES (1862, 1, 18, 69, 76, 95, 85.5);
INSERT INTO `tbl_nilai` VALUES (1863, 1, 18, 70, 78, 80, 79);
INSERT INTO `tbl_nilai` VALUES (1864, 1, 18, 71, 69, 80, 74.5);
INSERT INTO `tbl_nilai` VALUES (1865, 1, 18, 72, 78, 80, 79);
INSERT INTO `tbl_nilai` VALUES (1866, 1, 18, 73, 78, 80, 79);
INSERT INTO `tbl_nilai` VALUES (1867, 1, 18, 74, 78, 85, 81.5);
INSERT INTO `tbl_nilai` VALUES (1868, 1, 18, 75, 78, 85, 81.5);
INSERT INTO `tbl_nilai` VALUES (1869, 1, 18, 76, 83, 95, 89);
INSERT INTO `tbl_nilai` VALUES (1870, 1, 18, 77, 86, 95, 90.5);
INSERT INTO `tbl_nilai` VALUES (1871, 1, 18, 78, 87, 85, 86);
INSERT INTO `tbl_nilai` VALUES (1872, 1, 18, 79, 78, 85, 81.5);
INSERT INTO `tbl_nilai` VALUES (1873, 1, 18, 80, 78, 85, 81.5);
INSERT INTO `tbl_nilai` VALUES (1874, 1, 18, 81, 88, 95, 91.5);
INSERT INTO `tbl_nilai` VALUES (1875, 1, 18, 82, 82, 90, 86);
INSERT INTO `tbl_nilai` VALUES (1876, 1, 18, 83, 90, 95, 92.5);
INSERT INTO `tbl_nilai` VALUES (1877, 1, 18, 84, 78, 80, 79);
INSERT INTO `tbl_nilai` VALUES (1878, 1, 18, 85, 78, 80, 79);
INSERT INTO `tbl_nilai` VALUES (1879, 1, 18, 86, 78, 80, 79);
INSERT INTO `tbl_nilai` VALUES (1880, 1, 18, 87, 79, 80, 79.5);
INSERT INTO `tbl_nilai` VALUES (1881, 1, 18, 88, 78, 95, 86.5);
INSERT INTO `tbl_nilai` VALUES (1882, 1, 18, 89, 78, 80, 79);
INSERT INTO `tbl_nilai` VALUES (1883, 1, 18, 90, 78, 80, 79);
INSERT INTO `tbl_nilai` VALUES (1884, 1, 18, 91, 87, 95, 91);
INSERT INTO `tbl_nilai` VALUES (1885, 1, 18, 92, 87, 95, 91);
INSERT INTO `tbl_nilai` VALUES (1886, 1, 18, 93, 78, 95, 86.5);
INSERT INTO `tbl_nilai` VALUES (1887, 1, 18, 94, 82, 85, 83.5);
INSERT INTO `tbl_nilai` VALUES (1888, 1, 18, 95, 82, 85, 83.5);
INSERT INTO `tbl_nilai` VALUES (1889, 1, 18, 96, 78, 95, 86.5);
INSERT INTO `tbl_nilai` VALUES (1890, 1, 18, 97, 78, 80, 79);
INSERT INTO `tbl_nilai` VALUES (1891, 1, 18, 98, 78, 85, 81.5);
INSERT INTO `tbl_nilai` VALUES (1892, 1, 18, 99, 78, 80, 79);
INSERT INTO `tbl_nilai` VALUES (1893, 1, 18, 100, 78, 80, 79);
INSERT INTO `tbl_nilai` VALUES (1894, 1, 18, 101, 78, 85, 81.5);
INSERT INTO `tbl_nilai` VALUES (1895, 1, 18, 102, 78, 80, 79);
INSERT INTO `tbl_nilai` VALUES (1896, 1, 18, 103, 78, 78, 78);
INSERT INTO `tbl_nilai` VALUES (1897, 1, 18, 104, 79, 95, 87);
INSERT INTO `tbl_nilai` VALUES (1898, 1, 18, 105, 72, 78, 75);
INSERT INTO `tbl_nilai` VALUES (1899, 1, 18, 106, 78, 78, 78);
INSERT INTO `tbl_nilai` VALUES (1900, 1, 18, 107, 78, 80, 79);
INSERT INTO `tbl_nilai` VALUES (1901, 1, 18, 108, 79, 85, 82);
INSERT INTO `tbl_nilai` VALUES (1902, 1, 18, 109, 82, 90, 86);
INSERT INTO `tbl_nilai` VALUES (1903, 1, 18, 110, 81, 85, 83);
INSERT INTO `tbl_nilai` VALUES (1904, 1, 18, 111, 78, 80, 79);
INSERT INTO `tbl_nilai` VALUES (1905, 1, 18, 112, 78, 80, 79);
INSERT INTO `tbl_nilai` VALUES (1906, 1, 18, 113, 78, 78, 78);
INSERT INTO `tbl_nilai` VALUES (1907, 1, 18, 114, 83, 95, 89);
INSERT INTO `tbl_nilai` VALUES (1908, 1, 18, 115, 78, 85, 81.5);
INSERT INTO `tbl_nilai` VALUES (1909, 1, 18, 116, 78, 80, 79);
INSERT INTO `tbl_nilai` VALUES (1910, 1, 18, 117, 81, 85, 83);
INSERT INTO `tbl_nilai` VALUES (1911, 1, 18, 118, 89, 95, 92);
INSERT INTO `tbl_nilai` VALUES (1912, 1, 18, 119, 78, 80, 79);
INSERT INTO `tbl_nilai` VALUES (1913, 1, 18, 120, 78, 85, 81.5);
INSERT INTO `tbl_nilai` VALUES (1914, 1, 18, 121, 78, 80, 79);
INSERT INTO `tbl_nilai` VALUES (1915, 1, 18, 122, 78, 80, 79);
INSERT INTO `tbl_nilai` VALUES (1916, 1, 18, 123, 78, 78, 78);
INSERT INTO `tbl_nilai` VALUES (1917, 1, 18, 124, 78, 80, 79);
INSERT INTO `tbl_nilai` VALUES (1918, 1, 18, 125, 78, 85, 81.5);
INSERT INTO `tbl_nilai` VALUES (1919, 1, 18, 126, 78, 78, 78);
INSERT INTO `tbl_nilai` VALUES (1920, 1, 18, 127, 78, 78, 78);
INSERT INTO `tbl_nilai` VALUES (1921, 1, 18, 128, 78, 78, 78);
INSERT INTO `tbl_nilai` VALUES (1922, 1, 18, 129, 84, 90, 87);
INSERT INTO `tbl_nilai` VALUES (1923, 1, 18, 130, 78, 78, 78);
INSERT INTO `tbl_nilai` VALUES (1924, 1, 18, 131, 78, 78, 78);
INSERT INTO `tbl_nilai` VALUES (1925, 1, 18, 132, 78, 78, 78);
INSERT INTO `tbl_nilai` VALUES (1926, 1, 18, 133, 81, 85, 83);
INSERT INTO `tbl_nilai` VALUES (1927, 1, 18, 134, 79, 78, 78.5);
INSERT INTO `tbl_nilai` VALUES (1928, 1, 18, 135, 79, 80, 79.5);
INSERT INTO `tbl_nilai` VALUES (1929, 1, 18, 136, 82, 85, 83.5);
INSERT INTO `tbl_nilai` VALUES (1930, 1, 18, 137, 79, 80, 79.5);
INSERT INTO `tbl_nilai` VALUES (1931, 1, 18, 138, 76, 80, 78);
INSERT INTO `tbl_nilai` VALUES (1932, 1, 18, 139, 89, 90, 89.5);
INSERT INTO `tbl_nilai` VALUES (1933, 1, 18, 140, 74, 78, 76);
INSERT INTO `tbl_nilai` VALUES (1934, 1, 18, 141, 73, 78, 75.5);
INSERT INTO `tbl_nilai` VALUES (1935, 1, 19, 69, 76, 90, 83);
INSERT INTO `tbl_nilai` VALUES (1936, 1, 19, 70, 76, 90, 83);
INSERT INTO `tbl_nilai` VALUES (1937, 1, 19, 71, 76, 85, 80.5);
INSERT INTO `tbl_nilai` VALUES (1938, 1, 19, 72, 76, 90, 83);
INSERT INTO `tbl_nilai` VALUES (1939, 1, 19, 73, 77, 80, 78.5);
INSERT INTO `tbl_nilai` VALUES (1940, 1, 19, 74, 79, 90, 84.5);
INSERT INTO `tbl_nilai` VALUES (1941, 1, 19, 75, 76, 85, 80.5);
INSERT INTO `tbl_nilai` VALUES (1942, 1, 19, 76, 83, 90, 86.5);
INSERT INTO `tbl_nilai` VALUES (1943, 1, 19, 77, 86, 90, 88);
INSERT INTO `tbl_nilai` VALUES (1944, 1, 19, 78, 80, 90, 85);
INSERT INTO `tbl_nilai` VALUES (1945, 1, 19, 79, 77, 90, 83.5);
INSERT INTO `tbl_nilai` VALUES (1946, 1, 19, 80, 76, 80, 78);
INSERT INTO `tbl_nilai` VALUES (1947, 1, 19, 81, 79, 85, 82);
INSERT INTO `tbl_nilai` VALUES (1948, 1, 19, 82, 83, 80, 81.5);
INSERT INTO `tbl_nilai` VALUES (1949, 1, 19, 83, 90, 90, 90);
INSERT INTO `tbl_nilai` VALUES (1950, 1, 19, 84, 78, 90, 84);
INSERT INTO `tbl_nilai` VALUES (1951, 1, 19, 85, 76, 90, 83);
INSERT INTO `tbl_nilai` VALUES (1952, 1, 19, 86, 77, 90, 83.5);
INSERT INTO `tbl_nilai` VALUES (1953, 1, 19, 87, 77, 90, 83.5);
INSERT INTO `tbl_nilai` VALUES (1954, 1, 19, 88, 77, 80, 78.5);
INSERT INTO `tbl_nilai` VALUES (1955, 1, 19, 89, 79, 80, 79.5);
INSERT INTO `tbl_nilai` VALUES (1956, 1, 19, 90, 76, 90, 83);
INSERT INTO `tbl_nilai` VALUES (1957, 1, 19, 91, 87, 90, 88.5);
INSERT INTO `tbl_nilai` VALUES (1958, 1, 19, 92, 87, 90, 88.5);
INSERT INTO `tbl_nilai` VALUES (1959, 1, 19, 93, 76, 90, 83);
INSERT INTO `tbl_nilai` VALUES (1960, 1, 19, 94, 80, 90, 85);
INSERT INTO `tbl_nilai` VALUES (1961, 1, 19, 95, 76, 90, 83);
INSERT INTO `tbl_nilai` VALUES (1962, 1, 19, 96, 73, 85, 79);
INSERT INTO `tbl_nilai` VALUES (1963, 1, 19, 97, 76, 80, 78);
INSERT INTO `tbl_nilai` VALUES (1964, 1, 19, 98, 80, 90, 85);
INSERT INTO `tbl_nilai` VALUES (1965, 1, 19, 99, 78, 90, 84);
INSERT INTO `tbl_nilai` VALUES (1966, 1, 19, 100, 81, 90, 85.5);
INSERT INTO `tbl_nilai` VALUES (1967, 1, 19, 101, 76, 85, 80.5);
INSERT INTO `tbl_nilai` VALUES (1968, 1, 19, 102, 76, 90, 83);
INSERT INTO `tbl_nilai` VALUES (1969, 1, 19, 103, 75, 90, 82.5);
INSERT INTO `tbl_nilai` VALUES (1970, 1, 19, 104, 78, 90, 84);
INSERT INTO `tbl_nilai` VALUES (1971, 1, 19, 105, 61, 50, 55.5);
INSERT INTO `tbl_nilai` VALUES (1972, 1, 19, 106, 76, 90, 83);
INSERT INTO `tbl_nilai` VALUES (1973, 1, 19, 107, 75, 80, 77.5);
INSERT INTO `tbl_nilai` VALUES (1974, 1, 19, 108, 76, 85, 80.5);
INSERT INTO `tbl_nilai` VALUES (1975, 1, 19, 109, 78, 80, 79);
INSERT INTO `tbl_nilai` VALUES (1976, 1, 19, 110, 81, 90, 85.5);
INSERT INTO `tbl_nilai` VALUES (1977, 1, 19, 111, 78, 85, 81.5);
INSERT INTO `tbl_nilai` VALUES (1978, 1, 19, 112, 82, 85, 83.5);
INSERT INTO `tbl_nilai` VALUES (1979, 1, 19, 113, 76, 76, 76);
INSERT INTO `tbl_nilai` VALUES (1980, 1, 19, 114, 78, 76, 77);
INSERT INTO `tbl_nilai` VALUES (1981, 1, 19, 115, 80, 80, 80);
INSERT INTO `tbl_nilai` VALUES (1982, 1, 19, 116, 79, 85, 82);
INSERT INTO `tbl_nilai` VALUES (1983, 1, 19, 117, 77, 80, 78.5);
INSERT INTO `tbl_nilai` VALUES (1984, 1, 19, 118, 81, 85, 83);
INSERT INTO `tbl_nilai` VALUES (1985, 1, 19, 119, 79, 76, 77.5);
INSERT INTO `tbl_nilai` VALUES (1986, 1, 19, 120, 81, 80, 80.5);
INSERT INTO `tbl_nilai` VALUES (1987, 1, 19, 121, 80, 80, 80);
INSERT INTO `tbl_nilai` VALUES (1988, 1, 19, 122, 81, 80, 80.5);
INSERT INTO `tbl_nilai` VALUES (1989, 1, 19, 123, 69, 80, 74.5);
INSERT INTO `tbl_nilai` VALUES (1990, 1, 19, 124, 79, 80, 79.5);
INSERT INTO `tbl_nilai` VALUES (1991, 1, 19, 125, 80, 80, 80);
INSERT INTO `tbl_nilai` VALUES (1992, 1, 19, 126, 76, 80, 78);
INSERT INTO `tbl_nilai` VALUES (1993, 1, 19, 127, 79, 80, 79.5);
INSERT INTO `tbl_nilai` VALUES (1994, 1, 19, 128, 80, 76, 78);
INSERT INTO `tbl_nilai` VALUES (1995, 1, 19, 129, 81, 80, 80.5);
INSERT INTO `tbl_nilai` VALUES (1996, 1, 19, 130, 79, 80, 79.5);
INSERT INTO `tbl_nilai` VALUES (1997, 1, 19, 131, 76, 76, 76);
INSERT INTO `tbl_nilai` VALUES (1998, 1, 19, 132, 75, 76, 75.5);
INSERT INTO `tbl_nilai` VALUES (1999, 1, 19, 133, 83, 90, 86.5);
INSERT INTO `tbl_nilai` VALUES (2000, 1, 19, 134, 84, 90, 87);
INSERT INTO `tbl_nilai` VALUES (2001, 1, 19, 135, 80, 85, 82.5);
INSERT INTO `tbl_nilai` VALUES (2002, 1, 19, 136, 83, 85, 84);
INSERT INTO `tbl_nilai` VALUES (2003, 1, 19, 137, 80, 85, 82.5);
INSERT INTO `tbl_nilai` VALUES (2004, 1, 19, 138, 85, 90, 87.5);
INSERT INTO `tbl_nilai` VALUES (2005, 1, 19, 139, 82, 90, 86);
INSERT INTO `tbl_nilai` VALUES (2006, 1, 19, 140, 78, 80, 79);
INSERT INTO `tbl_nilai` VALUES (2007, 1, 19, 141, 78, 76, 77);
INSERT INTO `tbl_nilai` VALUES (2008, 1, 10, 69, 80, 80, 80);
INSERT INTO `tbl_nilai` VALUES (2009, 1, 10, 70, 79, 80, 79.5);
INSERT INTO `tbl_nilai` VALUES (2010, 1, 10, 71, 78, 78, 78);
INSERT INTO `tbl_nilai` VALUES (2011, 1, 10, 72, 78, 78, 78);
INSERT INTO `tbl_nilai` VALUES (2012, 1, 10, 73, 78, 79, 78.5);
INSERT INTO `tbl_nilai` VALUES (2013, 1, 10, 74, 79, 80, 79.5);
INSERT INTO `tbl_nilai` VALUES (2014, 1, 10, 75, 79, 80, 79.5);
INSERT INTO `tbl_nilai` VALUES (2015, 1, 10, 76, 84, 81, 82.5);
INSERT INTO `tbl_nilai` VALUES (2016, 1, 10, 77, 83, 83, 83);
INSERT INTO `tbl_nilai` VALUES (2017, 1, 10, 78, 82, 85, 83.5);
INSERT INTO `tbl_nilai` VALUES (2018, 1, 10, 79, 81, 83, 82);
INSERT INTO `tbl_nilai` VALUES (2019, 1, 10, 80, 86, 86, 86);
INSERT INTO `tbl_nilai` VALUES (2020, 1, 10, 81, 80, 79, 79.5);
INSERT INTO `tbl_nilai` VALUES (2021, 1, 10, 82, 80, 79, 79.5);
INSERT INTO `tbl_nilai` VALUES (2022, 1, 10, 83, 85, 83, 84);
INSERT INTO `tbl_nilai` VALUES (2023, 1, 10, 84, 84, 85, 84.5);
INSERT INTO `tbl_nilai` VALUES (2024, 1, 10, 85, 80, 79, 79.5);
INSERT INTO `tbl_nilai` VALUES (2025, 1, 10, 86, 80, 78, 79);
INSERT INTO `tbl_nilai` VALUES (2026, 1, 10, 87, 79, 79, 79);
INSERT INTO `tbl_nilai` VALUES (2027, 1, 10, 88, 80, 79, 79.5);
INSERT INTO `tbl_nilai` VALUES (2028, 1, 10, 89, 79, 79, 79);
INSERT INTO `tbl_nilai` VALUES (2029, 1, 10, 90, 77, 78, 77.5);
INSERT INTO `tbl_nilai` VALUES (2030, 1, 10, 91, 89, 85, 87);
INSERT INTO `tbl_nilai` VALUES (2031, 1, 10, 92, 87, 85, 86);
INSERT INTO `tbl_nilai` VALUES (2032, 1, 10, 93, 78, 78, 78);
INSERT INTO `tbl_nilai` VALUES (2033, 1, 10, 94, 82, 83, 82.5);
INSERT INTO `tbl_nilai` VALUES (2034, 1, 10, 95, 81, 81, 81);
INSERT INTO `tbl_nilai` VALUES (2035, 1, 10, 96, 78, 79, 78.5);
INSERT INTO `tbl_nilai` VALUES (2036, 1, 10, 97, 77, 78, 77.5);
INSERT INTO `tbl_nilai` VALUES (2037, 1, 10, 98, 88, 85, 86.5);
INSERT INTO `tbl_nilai` VALUES (2038, 1, 10, 99, 77, 79, 78);
INSERT INTO `tbl_nilai` VALUES (2039, 1, 10, 100, 78, 79, 78.5);
INSERT INTO `tbl_nilai` VALUES (2040, 1, 10, 101, 80, 82, 81);
INSERT INTO `tbl_nilai` VALUES (2041, 1, 10, 102, 81, 79, 80);
INSERT INTO `tbl_nilai` VALUES (2042, 1, 10, 103, 78, 79, 78.5);
INSERT INTO `tbl_nilai` VALUES (2043, 1, 10, 104, 79, 83, 81);
INSERT INTO `tbl_nilai` VALUES (2044, 1, 10, 105, 71, 0, 35.5);
INSERT INTO `tbl_nilai` VALUES (2045, 1, 10, 106, 78, 79, 78.5);
INSERT INTO `tbl_nilai` VALUES (2046, 1, 10, 107, 77, 77, 77);
INSERT INTO `tbl_nilai` VALUES (2047, 1, 10, 108, 77, 78, 77.5);
INSERT INTO `tbl_nilai` VALUES (2048, 1, 10, 109, 78, 78, 78);
INSERT INTO `tbl_nilai` VALUES (2049, 1, 10, 110, 81, 80, 80.5);
INSERT INTO `tbl_nilai` VALUES (2050, 1, 10, 111, 78, 79, 78.5);
INSERT INTO `tbl_nilai` VALUES (2051, 1, 10, 112, 81, 79, 80);
INSERT INTO `tbl_nilai` VALUES (2052, 1, 10, 113, 77, 75, 76);
INSERT INTO `tbl_nilai` VALUES (2053, 1, 10, 114, 83, 78, 80.5);
INSERT INTO `tbl_nilai` VALUES (2054, 1, 10, 115, 80, 79, 79.5);
INSERT INTO `tbl_nilai` VALUES (2055, 1, 10, 116, 77, 75, 76);
INSERT INTO `tbl_nilai` VALUES (2056, 1, 10, 117, 77, 78, 77.5);
INSERT INTO `tbl_nilai` VALUES (2057, 1, 10, 118, 83, 79, 81);
INSERT INTO `tbl_nilai` VALUES (2058, 1, 10, 119, 77, 78, 77.5);
INSERT INTO `tbl_nilai` VALUES (2059, 1, 10, 120, 77, 78, 77.5);
INSERT INTO `tbl_nilai` VALUES (2060, 1, 10, 121, 82, 77, 79.5);
INSERT INTO `tbl_nilai` VALUES (2061, 1, 10, 122, 83, 78, 80.5);
INSERT INTO `tbl_nilai` VALUES (2062, 1, 10, 123, 77, 78, 77.5);
INSERT INTO `tbl_nilai` VALUES (2063, 1, 10, 124, 80, 79, 79.5);
INSERT INTO `tbl_nilai` VALUES (2064, 1, 10, 125, 83, 80, 81.5);
INSERT INTO `tbl_nilai` VALUES (2065, 1, 10, 126, 77, 77, 77);
INSERT INTO `tbl_nilai` VALUES (2066, 1, 10, 127, 84, 79, 81.5);
INSERT INTO `tbl_nilai` VALUES (2067, 1, 10, 128, 77, 77, 77);
INSERT INTO `tbl_nilai` VALUES (2068, 1, 10, 129, 79, 79, 79);
INSERT INTO `tbl_nilai` VALUES (2069, 1, 10, 130, 82, 77, 79.5);
INSERT INTO `tbl_nilai` VALUES (2070, 1, 10, 131, 77, 78, 77.5);
INSERT INTO `tbl_nilai` VALUES (2071, 1, 10, 132, 78, 79, 78.5);
INSERT INTO `tbl_nilai` VALUES (2072, 1, 10, 133, 80, 80, 80);
INSERT INTO `tbl_nilai` VALUES (2073, 1, 10, 134, 80, 82, 81);
INSERT INTO `tbl_nilai` VALUES (2074, 1, 10, 135, 79, 81, 80);
INSERT INTO `tbl_nilai` VALUES (2075, 1, 10, 136, 83, 79, 81);
INSERT INTO `tbl_nilai` VALUES (2076, 1, 10, 137, 79, 80, 79.5);
INSERT INTO `tbl_nilai` VALUES (2077, 1, 10, 138, 84, 79, 81.5);
INSERT INTO `tbl_nilai` VALUES (2078, 1, 10, 139, 80, 78, 79);
INSERT INTO `tbl_nilai` VALUES (2079, 1, 10, 140, 70, 78, 74);
INSERT INTO `tbl_nilai` VALUES (2080, 1, 10, 141, 65, 75, 70);
INSERT INTO `tbl_nilai` VALUES (2081, 1, 11, 69, 77, 95, 86);
INSERT INTO `tbl_nilai` VALUES (2082, 1, 11, 70, 78, 95, 86.5);
INSERT INTO `tbl_nilai` VALUES (2083, 1, 11, 71, 76, 90, 83);
INSERT INTO `tbl_nilai` VALUES (2084, 1, 11, 72, 78, 90, 84);
INSERT INTO `tbl_nilai` VALUES (2085, 1, 11, 73, 80, 90, 85);
INSERT INTO `tbl_nilai` VALUES (2086, 1, 11, 74, 82, 95, 88.5);
INSERT INTO `tbl_nilai` VALUES (2087, 1, 11, 75, 87, 95, 91);
INSERT INTO `tbl_nilai` VALUES (2088, 1, 11, 76, 87, 98, 92.5);
INSERT INTO `tbl_nilai` VALUES (2089, 1, 11, 77, 90, 96, 93);
INSERT INTO `tbl_nilai` VALUES (2090, 1, 11, 78, 79, 95, 87);
INSERT INTO `tbl_nilai` VALUES (2091, 1, 11, 79, 81, 90, 85.5);
INSERT INTO `tbl_nilai` VALUES (2092, 1, 11, 80, 77, 90, 83.5);
INSERT INTO `tbl_nilai` VALUES (2093, 1, 11, 81, 87, 95, 91);
INSERT INTO `tbl_nilai` VALUES (2094, 1, 11, 82, 95, 98, 96.5);
INSERT INTO `tbl_nilai` VALUES (2095, 1, 11, 83, 91, 98, 94.5);
INSERT INTO `tbl_nilai` VALUES (2096, 1, 11, 84, 80, 90, 85);
INSERT INTO `tbl_nilai` VALUES (2097, 1, 11, 85, 79, 90, 84.5);
INSERT INTO `tbl_nilai` VALUES (2098, 1, 11, 86, 78, 85, 81.5);
INSERT INTO `tbl_nilai` VALUES (2099, 1, 11, 87, 78, 85, 81.5);
INSERT INTO `tbl_nilai` VALUES (2100, 1, 11, 88, 78, 85, 81.5);
INSERT INTO `tbl_nilai` VALUES (2101, 1, 11, 89, 77, 90, 83.5);
INSERT INTO `tbl_nilai` VALUES (2102, 1, 11, 90, 76, 85, 80.5);
INSERT INTO `tbl_nilai` VALUES (2103, 1, 11, 91, 88, 98, 93);
INSERT INTO `tbl_nilai` VALUES (2104, 1, 11, 92, 90, 98, 94);
INSERT INTO `tbl_nilai` VALUES (2105, 1, 11, 93, 77, 85, 81);
INSERT INTO `tbl_nilai` VALUES (2106, 1, 11, 94, 81, 95, 88);
INSERT INTO `tbl_nilai` VALUES (2107, 1, 11, 95, 79, 95, 87);
INSERT INTO `tbl_nilai` VALUES (2108, 1, 11, 96, 78, 90, 84);
INSERT INTO `tbl_nilai` VALUES (2109, 1, 11, 97, 76, 90, 83);
INSERT INTO `tbl_nilai` VALUES (2110, 1, 11, 98, 80, 90, 85);
INSERT INTO `tbl_nilai` VALUES (2111, 1, 11, 99, 78, 90, 84);
INSERT INTO `tbl_nilai` VALUES (2112, 1, 11, 100, 81, 90, 85.5);
INSERT INTO `tbl_nilai` VALUES (2113, 1, 11, 101, 79, 95, 87);
INSERT INTO `tbl_nilai` VALUES (2114, 1, 11, 102, 78, 90, 84);
INSERT INTO `tbl_nilai` VALUES (2115, 1, 11, 103, 78, 90, 84);
INSERT INTO `tbl_nilai` VALUES (2116, 1, 11, 104, 87, 95, 91);
INSERT INTO `tbl_nilai` VALUES (2117, 1, 11, 105, 48, 0, 24);
INSERT INTO `tbl_nilai` VALUES (2118, 1, 11, 106, 76, 85, 80.5);
INSERT INTO `tbl_nilai` VALUES (2119, 1, 11, 107, 76, 90, 83);
INSERT INTO `tbl_nilai` VALUES (2120, 1, 11, 108, 79, 90, 84.5);
INSERT INTO `tbl_nilai` VALUES (2121, 1, 11, 109, 77, 90, 83.5);
INSERT INTO `tbl_nilai` VALUES (2122, 1, 11, 110, 81, 90, 85.5);
INSERT INTO `tbl_nilai` VALUES (2123, 1, 11, 111, 77, 90, 83.5);
INSERT INTO `tbl_nilai` VALUES (2124, 1, 11, 112, 80, 95, 87.5);
INSERT INTO `tbl_nilai` VALUES (2125, 1, 11, 113, 77, 90, 83.5);
INSERT INTO `tbl_nilai` VALUES (2126, 1, 11, 114, 82, 95, 88.5);
INSERT INTO `tbl_nilai` VALUES (2127, 1, 11, 115, 80, 95, 87.5);
INSERT INTO `tbl_nilai` VALUES (2128, 1, 11, 116, 79, 90, 84.5);
INSERT INTO `tbl_nilai` VALUES (2129, 1, 11, 117, 81, 90, 85.5);
INSERT INTO `tbl_nilai` VALUES (2130, 1, 11, 118, 88, 95, 91.5);
INSERT INTO `tbl_nilai` VALUES (2131, 1, 11, 119, 78, 90, 84);
INSERT INTO `tbl_nilai` VALUES (2132, 1, 11, 120, 81, 96, 88.5);
INSERT INTO `tbl_nilai` VALUES (2133, 1, 11, 121, 82, 90, 86);
INSERT INTO `tbl_nilai` VALUES (2134, 1, 11, 122, 83, 95, 89);
INSERT INTO `tbl_nilai` VALUES (2135, 1, 11, 123, 77, 90, 83.5);
INSERT INTO `tbl_nilai` VALUES (2136, 1, 11, 124, 81, 90, 85.5);
INSERT INTO `tbl_nilai` VALUES (2137, 1, 11, 125, 83, 90, 86.5);
INSERT INTO `tbl_nilai` VALUES (2138, 1, 11, 126, 76, 90, 83);
INSERT INTO `tbl_nilai` VALUES (2139, 1, 11, 127, 84, 90, 87);
INSERT INTO `tbl_nilai` VALUES (2140, 1, 11, 128, 81, 90, 85.5);
INSERT INTO `tbl_nilai` VALUES (2141, 1, 11, 129, 85, 95, 90);
INSERT INTO `tbl_nilai` VALUES (2142, 1, 11, 130, 79, 90, 84.5);
INSERT INTO `tbl_nilai` VALUES (2143, 1, 11, 131, 76, 85, 80.5);
INSERT INTO `tbl_nilai` VALUES (2144, 1, 11, 132, 76, 76, 76);
INSERT INTO `tbl_nilai` VALUES (2145, 1, 11, 133, 84, 95, 89.5);
INSERT INTO `tbl_nilai` VALUES (2146, 1, 11, 134, 84, 95, 89.5);
INSERT INTO `tbl_nilai` VALUES (2147, 1, 11, 135, 83, 95, 89);
INSERT INTO `tbl_nilai` VALUES (2148, 1, 11, 136, 88, 98, 93);
INSERT INTO `tbl_nilai` VALUES (2149, 1, 11, 137, 81, 95, 88);
INSERT INTO `tbl_nilai` VALUES (2150, 1, 11, 138, 85, 95, 90);
INSERT INTO `tbl_nilai` VALUES (2151, 1, 11, 139, 84, 95, 89.5);
INSERT INTO `tbl_nilai` VALUES (2152, 1, 11, 140, 69, 90, 79.5);
INSERT INTO `tbl_nilai` VALUES (2153, 1, 11, 141, 78, 85, 81.5);

-- ----------------------------
-- Table structure for tbl_pengguna
-- ----------------------------
DROP TABLE IF EXISTS `tbl_pengguna`;
CREATE TABLE `tbl_pengguna`  (
  `id_pengguna` int(11) NOT NULL AUTO_INCREMENT,
  `nip` varchar(18) CHARACTER SET latin1 COLLATE latin1_swedish_ci NOT NULL,
  `nama` varchar(50) CHARACTER SET latin1 COLLATE latin1_swedish_ci NOT NULL,
  `username` varchar(100) CHARACTER SET latin1 COLLATE latin1_swedish_ci NOT NULL,
  `password` varchar(250) CHARACTER SET latin1 COLLATE latin1_swedish_ci NOT NULL,
  `wali_kelas` varchar(10) CHARACTER SET latin1 COLLATE latin1_swedish_ci NOT NULL,
  `role` varchar(100) CHARACTER SET latin1 COLLATE latin1_swedish_ci NOT NULL,
  PRIMARY KEY (`id_pengguna`) USING BTREE
) ENGINE = InnoDB AUTO_INCREMENT = 9 CHARACTER SET = latin1 COLLATE = latin1_swedish_ci ROW_FORMAT = Dynamic;

-- ----------------------------
-- Records of tbl_pengguna
-- ----------------------------
INSERT INTO `tbl_pengguna` VALUES (1, '198503302003121001', 'Administrator', 'admin', 'e10adc3949ba59abbe56e057f20f883e', '', 'Admin');
INSERT INTO `tbl_pengguna` VALUES (3, '198503302003121003', 'Angga Lasanova, S.Pd', 'kelasxiipa1', 'e10adc3949ba59abbe56e057f20f883e', 'XI IPA 1', 'Wali');
INSERT INTO `tbl_pengguna` VALUES (4, '198503302003121004', 'Yonathan T.M.Tju, S.Th', 'kelasxiipa2', 'e10adc3949ba59abbe56e057f20f883e', 'XI IPA 2', 'Wali');
INSERT INTO `tbl_pengguna` VALUES (5, '198503302003121005', 'Nurdiana Sijabat, S.S', 'kelasxiips1', 'e10adc3949ba59abbe56e057f20f883e', 'XI IPS 1', 'Wali');
INSERT INTO `tbl_pengguna` VALUES (6, '198503302003121006', 'Enggar Marginingsih, S.Pd', 'kelasxiips2', 'e10adc3949ba59abbe56e057f20f883e', 'XI IPA 2', 'Wali');
INSERT INTO `tbl_pengguna` VALUES (8, '198503302003121009', 'Administrator', 'admin2', 'e10adc3949ba59abbe56e057f20f883e', '', 'TU');

-- ----------------------------
-- Table structure for tbl_penilaian_alt
-- ----------------------------
DROP TABLE IF EXISTS `tbl_penilaian_alt`;
CREATE TABLE `tbl_penilaian_alt`  (
  `id_penilaian_alternatif` int(11) NOT NULL AUTO_INCREMENT,
  `id_alternatif` varchar(3) CHARACTER SET latin1 COLLATE latin1_swedish_ci NOT NULL,
  `id_kriteria` int(11) NOT NULL,
  `id_subkriteria` int(11) NOT NULL,
  `nilai_subkriteria` float NOT NULL,
  `id_ajaran` int(11) NOT NULL,
  PRIMARY KEY (`id_penilaian_alternatif`) USING BTREE,
  INDEX `id_alternatif`(`id_alternatif`) USING BTREE,
  INDEX `id_kriteria`(`id_kriteria`) USING BTREE,
  INDEX `id_subkriteria`(`id_subkriteria`) USING BTREE,
  CONSTRAINT `tbl_penilaian_alt_ibfk_2` FOREIGN KEY (`id_kriteria`) REFERENCES `tbl_kriteria` (`id_kriteria`) ON DELETE CASCADE ON UPDATE CASCADE,
  CONSTRAINT `tbl_penilaian_alt_ibfk_3` FOREIGN KEY (`id_subkriteria`) REFERENCES `tbl_subkriteria` (`id_subkriteria`) ON DELETE CASCADE ON UPDATE CASCADE
) ENGINE = InnoDB AUTO_INCREMENT = 3974 CHARACTER SET = latin1 COLLATE = latin1_swedish_ci ROW_FORMAT = Dynamic;

-- ----------------------------
-- Records of tbl_penilaian_alt
-- ----------------------------
INSERT INTO `tbl_penilaian_alt` VALUES (2192, '', 1, 2, 3, 1);
INSERT INTO `tbl_penilaian_alt` VALUES (2194, '', 3, 9, 1, 1);
INSERT INTO `tbl_penilaian_alt` VALUES (3554, '120', 1, 2, 3, 1);
INSERT INTO `tbl_penilaian_alt` VALUES (3555, '120', 2, 11, 4, 1);
INSERT INTO `tbl_penilaian_alt` VALUES (3556, '120', 3, 7, 3, 1);
INSERT INTO `tbl_penilaian_alt` VALUES (3557, '129', 1, 1, 4, 1);
INSERT INTO `tbl_penilaian_alt` VALUES (3558, '129', 2, 11, 4, 1);
INSERT INTO `tbl_penilaian_alt` VALUES (3559, '129', 3, 7, 3, 1);
INSERT INTO `tbl_penilaian_alt` VALUES (3560, '135', 1, 2, 3, 1);
INSERT INTO `tbl_penilaian_alt` VALUES (3561, '135', 2, 11, 4, 1);
INSERT INTO `tbl_penilaian_alt` VALUES (3562, '135', 3, 7, 3, 1);
INSERT INTO `tbl_penilaian_alt` VALUES (3563, '141', 1, 2, 3, 1);
INSERT INTO `tbl_penilaian_alt` VALUES (3564, '141', 2, 11, 4, 1);
INSERT INTO `tbl_penilaian_alt` VALUES (3565, '141', 3, 7, 3, 1);
INSERT INTO `tbl_penilaian_alt` VALUES (3566, '76', 1, 1, 4, 1);
INSERT INTO `tbl_penilaian_alt` VALUES (3567, '76', 2, 11, 4, 1);
INSERT INTO `tbl_penilaian_alt` VALUES (3568, '76', 3, 6, 4, 1);
INSERT INTO `tbl_penilaian_alt` VALUES (3569, '79', 1, 2, 3, 1);
INSERT INTO `tbl_penilaian_alt` VALUES (3570, '79', 2, 11, 4, 1);
INSERT INTO `tbl_penilaian_alt` VALUES (3571, '79', 3, 7, 3, 1);
INSERT INTO `tbl_penilaian_alt` VALUES (3572, '84', 1, 2, 3, 1);
INSERT INTO `tbl_penilaian_alt` VALUES (3573, '84', 2, 11, 4, 1);
INSERT INTO `tbl_penilaian_alt` VALUES (3574, '84', 3, 7, 3, 1);
INSERT INTO `tbl_penilaian_alt` VALUES (3575, '103', 1, 2, 3, 1);
INSERT INTO `tbl_penilaian_alt` VALUES (3576, '103', 2, 11, 4, 1);
INSERT INTO `tbl_penilaian_alt` VALUES (3577, '103', 3, 7, 3, 1);
INSERT INTO `tbl_penilaian_alt` VALUES (3770, '1', 1, 2, 3, 1);
INSERT INTO `tbl_penilaian_alt` VALUES (3771, '1', 2, 13, 2, 1);
INSERT INTO `tbl_penilaian_alt` VALUES (3772, '1', 3, 7, 3, 1);
INSERT INTO `tbl_penilaian_alt` VALUES (3773, '2', 1, 1, 4, 1);
INSERT INTO `tbl_penilaian_alt` VALUES (3774, '2', 2, 11, 4, 1);
INSERT INTO `tbl_penilaian_alt` VALUES (3775, '2', 3, 6, 4, 1);
INSERT INTO `tbl_penilaian_alt` VALUES (3776, '3', 1, 2, 3, 1);
INSERT INTO `tbl_penilaian_alt` VALUES (3777, '3', 2, 11, 4, 1);
INSERT INTO `tbl_penilaian_alt` VALUES (3778, '3', 3, 7, 3, 1);
INSERT INTO `tbl_penilaian_alt` VALUES (3779, '4', 1, 2, 3, 1);
INSERT INTO `tbl_penilaian_alt` VALUES (3780, '4', 2, 11, 4, 1);
INSERT INTO `tbl_penilaian_alt` VALUES (3781, '4', 3, 7, 3, 1);
INSERT INTO `tbl_penilaian_alt` VALUES (3782, '5', 1, 2, 3, 1);
INSERT INTO `tbl_penilaian_alt` VALUES (3783, '5', 2, 11, 4, 1);
INSERT INTO `tbl_penilaian_alt` VALUES (3784, '5', 3, 7, 3, 1);
INSERT INTO `tbl_penilaian_alt` VALUES (3785, '6', 1, 2, 3, 1);
INSERT INTO `tbl_penilaian_alt` VALUES (3786, '6', 2, 11, 4, 1);
INSERT INTO `tbl_penilaian_alt` VALUES (3787, '6', 3, 7, 3, 1);
INSERT INTO `tbl_penilaian_alt` VALUES (3788, '7', 1, 1, 4, 1);
INSERT INTO `tbl_penilaian_alt` VALUES (3789, '7', 2, 11, 4, 1);
INSERT INTO `tbl_penilaian_alt` VALUES (3790, '7', 3, 6, 4, 1);
INSERT INTO `tbl_penilaian_alt` VALUES (3791, '8', 1, 2, 3, 1);
INSERT INTO `tbl_penilaian_alt` VALUES (3792, '8', 2, 11, 4, 1);
INSERT INTO `tbl_penilaian_alt` VALUES (3793, '8', 3, 7, 3, 1);
INSERT INTO `tbl_penilaian_alt` VALUES (3794, '9', 1, 2, 3, 1);
INSERT INTO `tbl_penilaian_alt` VALUES (3795, '9', 2, 11, 4, 1);
INSERT INTO `tbl_penilaian_alt` VALUES (3796, '9', 3, 7, 3, 1);
INSERT INTO `tbl_penilaian_alt` VALUES (3797, '10', 1, 2, 3, 1);
INSERT INTO `tbl_penilaian_alt` VALUES (3798, '10', 2, 11, 4, 1);
INSERT INTO `tbl_penilaian_alt` VALUES (3799, '10', 3, 6, 4, 1);
INSERT INTO `tbl_penilaian_alt` VALUES (3800, '11', 1, 2, 3, 1);
INSERT INTO `tbl_penilaian_alt` VALUES (3801, '11', 2, 12, 3, 1);
INSERT INTO `tbl_penilaian_alt` VALUES (3802, '11', 3, 7, 3, 1);
INSERT INTO `tbl_penilaian_alt` VALUES (3803, '12', 1, 2, 3, 1);
INSERT INTO `tbl_penilaian_alt` VALUES (3804, '12', 2, 11, 4, 1);
INSERT INTO `tbl_penilaian_alt` VALUES (3805, '12', 3, 7, 3, 1);
INSERT INTO `tbl_penilaian_alt` VALUES (3806, '13', 1, 1, 4, 1);
INSERT INTO `tbl_penilaian_alt` VALUES (3807, '13', 2, 11, 4, 1);
INSERT INTO `tbl_penilaian_alt` VALUES (3808, '13', 3, 6, 4, 1);
INSERT INTO `tbl_penilaian_alt` VALUES (3809, '14', 1, 2, 3, 1);
INSERT INTO `tbl_penilaian_alt` VALUES (3810, '14', 2, 11, 4, 1);
INSERT INTO `tbl_penilaian_alt` VALUES (3811, '14', 3, 7, 3, 1);
INSERT INTO `tbl_penilaian_alt` VALUES (3812, '15', 1, 1, 4, 1);
INSERT INTO `tbl_penilaian_alt` VALUES (3813, '15', 2, 11, 4, 1);
INSERT INTO `tbl_penilaian_alt` VALUES (3814, '15', 3, 7, 3, 1);
INSERT INTO `tbl_penilaian_alt` VALUES (3815, '16', 1, 2, 3, 1);
INSERT INTO `tbl_penilaian_alt` VALUES (3816, '16', 2, 11, 4, 1);
INSERT INTO `tbl_penilaian_alt` VALUES (3817, '16', 3, 7, 3, 1);
INSERT INTO `tbl_penilaian_alt` VALUES (3818, '17', 1, 1, 4, 1);
INSERT INTO `tbl_penilaian_alt` VALUES (3819, '17', 2, 11, 4, 1);
INSERT INTO `tbl_penilaian_alt` VALUES (3820, '17', 3, 7, 3, 1);
INSERT INTO `tbl_penilaian_alt` VALUES (3821, '18', 1, 2, 3, 1);
INSERT INTO `tbl_penilaian_alt` VALUES (3822, '18', 2, 11, 4, 1);
INSERT INTO `tbl_penilaian_alt` VALUES (3823, '18', 3, 7, 3, 1);
INSERT INTO `tbl_penilaian_alt` VALUES (3824, '19', 1, 2, 3, 1);
INSERT INTO `tbl_penilaian_alt` VALUES (3825, '19', 2, 11, 4, 1);
INSERT INTO `tbl_penilaian_alt` VALUES (3826, '19', 3, 7, 3, 1);
INSERT INTO `tbl_penilaian_alt` VALUES (3827, '20', 1, 2, 3, 1);
INSERT INTO `tbl_penilaian_alt` VALUES (3828, '20', 2, 11, 4, 1);
INSERT INTO `tbl_penilaian_alt` VALUES (3829, '20', 3, 7, 3, 1);
INSERT INTO `tbl_penilaian_alt` VALUES (3830, '21', 1, 2, 3, 1);
INSERT INTO `tbl_penilaian_alt` VALUES (3831, '21', 2, 11, 4, 1);
INSERT INTO `tbl_penilaian_alt` VALUES (3832, '21', 3, 7, 3, 1);
INSERT INTO `tbl_penilaian_alt` VALUES (3833, '22', 1, 2, 3, 1);
INSERT INTO `tbl_penilaian_alt` VALUES (3834, '22', 2, 11, 4, 1);
INSERT INTO `tbl_penilaian_alt` VALUES (3835, '22', 3, 7, 3, 1);
INSERT INTO `tbl_penilaian_alt` VALUES (3836, '23', 1, 2, 3, 1);
INSERT INTO `tbl_penilaian_alt` VALUES (3837, '23', 2, 11, 4, 1);
INSERT INTO `tbl_penilaian_alt` VALUES (3838, '23', 3, 7, 3, 1);
INSERT INTO `tbl_penilaian_alt` VALUES (3839, '24', 1, 1, 4, 1);
INSERT INTO `tbl_penilaian_alt` VALUES (3840, '24', 2, 11, 4, 1);
INSERT INTO `tbl_penilaian_alt` VALUES (3841, '24', 3, 7, 3, 1);
INSERT INTO `tbl_penilaian_alt` VALUES (3842, '25', 1, 1, 4, 1);
INSERT INTO `tbl_penilaian_alt` VALUES (3843, '25', 2, 11, 4, 1);
INSERT INTO `tbl_penilaian_alt` VALUES (3844, '25', 3, 6, 4, 1);
INSERT INTO `tbl_penilaian_alt` VALUES (3845, '26', 1, 1, 4, 1);
INSERT INTO `tbl_penilaian_alt` VALUES (3846, '26', 2, 11, 4, 1);
INSERT INTO `tbl_penilaian_alt` VALUES (3847, '26', 3, 7, 3, 1);
INSERT INTO `tbl_penilaian_alt` VALUES (3848, '27', 1, 2, 3, 1);
INSERT INTO `tbl_penilaian_alt` VALUES (3849, '27', 2, 11, 4, 1);
INSERT INTO `tbl_penilaian_alt` VALUES (3850, '27', 3, 7, 3, 1);
INSERT INTO `tbl_penilaian_alt` VALUES (3851, '28', 1, 2, 3, 1);
INSERT INTO `tbl_penilaian_alt` VALUES (3852, '28', 2, 12, 3, 1);
INSERT INTO `tbl_penilaian_alt` VALUES (3853, '28', 3, 7, 3, 1);
INSERT INTO `tbl_penilaian_alt` VALUES (3854, '29', 1, 1, 4, 1);
INSERT INTO `tbl_penilaian_alt` VALUES (3855, '29', 2, 11, 4, 1);
INSERT INTO `tbl_penilaian_alt` VALUES (3856, '29', 3, 7, 3, 1);
INSERT INTO `tbl_penilaian_alt` VALUES (3857, '30', 1, 2, 3, 1);
INSERT INTO `tbl_penilaian_alt` VALUES (3858, '30', 2, 11, 4, 1);
INSERT INTO `tbl_penilaian_alt` VALUES (3859, '30', 3, 7, 3, 1);
INSERT INTO `tbl_penilaian_alt` VALUES (3860, '31', 1, 2, 3, 1);
INSERT INTO `tbl_penilaian_alt` VALUES (3861, '31', 2, 11, 4, 1);
INSERT INTO `tbl_penilaian_alt` VALUES (3862, '31', 3, 7, 3, 1);
INSERT INTO `tbl_penilaian_alt` VALUES (3863, '32', 1, 1, 4, 1);
INSERT INTO `tbl_penilaian_alt` VALUES (3864, '32', 2, 11, 4, 1);
INSERT INTO `tbl_penilaian_alt` VALUES (3865, '32', 3, 7, 3, 1);
INSERT INTO `tbl_penilaian_alt` VALUES (3866, '33', 1, 2, 3, 1);
INSERT INTO `tbl_penilaian_alt` VALUES (3867, '33', 2, 11, 4, 1);
INSERT INTO `tbl_penilaian_alt` VALUES (3868, '33', 3, 7, 3, 1);
INSERT INTO `tbl_penilaian_alt` VALUES (3869, '34', 1, 2, 3, 1);
INSERT INTO `tbl_penilaian_alt` VALUES (3870, '34', 2, 11, 4, 1);
INSERT INTO `tbl_penilaian_alt` VALUES (3871, '34', 3, 7, 3, 1);
INSERT INTO `tbl_penilaian_alt` VALUES (3872, '35', 1, 2, 3, 1);
INSERT INTO `tbl_penilaian_alt` VALUES (3873, '35', 2, 12, 3, 1);
INSERT INTO `tbl_penilaian_alt` VALUES (3874, '35', 3, 7, 3, 1);
INSERT INTO `tbl_penilaian_alt` VALUES (3875, '36', 1, 1, 4, 1);
INSERT INTO `tbl_penilaian_alt` VALUES (3876, '36', 2, 11, 4, 1);
INSERT INTO `tbl_penilaian_alt` VALUES (3877, '36', 3, 7, 3, 1);
INSERT INTO `tbl_penilaian_alt` VALUES (3878, '37', 1, 2, 3, 1);
INSERT INTO `tbl_penilaian_alt` VALUES (3879, '37', 2, 11, 4, 1);
INSERT INTO `tbl_penilaian_alt` VALUES (3880, '37', 3, 7, 3, 1);
INSERT INTO `tbl_penilaian_alt` VALUES (3881, '38', 1, 2, 3, 1);
INSERT INTO `tbl_penilaian_alt` VALUES (3882, '38', 2, 12, 3, 1);
INSERT INTO `tbl_penilaian_alt` VALUES (3883, '38', 3, 7, 3, 1);
INSERT INTO `tbl_penilaian_alt` VALUES (3884, '39', 1, 2, 3, 1);
INSERT INTO `tbl_penilaian_alt` VALUES (3885, '39', 2, 11, 4, 1);
INSERT INTO `tbl_penilaian_alt` VALUES (3886, '39', 3, 7, 3, 1);
INSERT INTO `tbl_penilaian_alt` VALUES (3887, '40', 1, 2, 3, 1);
INSERT INTO `tbl_penilaian_alt` VALUES (3888, '40', 2, 11, 4, 1);
INSERT INTO `tbl_penilaian_alt` VALUES (3889, '40', 3, 7, 3, 1);
INSERT INTO `tbl_penilaian_alt` VALUES (3890, '41', 1, 1, 4, 1);
INSERT INTO `tbl_penilaian_alt` VALUES (3891, '41', 2, 11, 4, 1);
INSERT INTO `tbl_penilaian_alt` VALUES (3892, '41', 3, 6, 4, 1);
INSERT INTO `tbl_penilaian_alt` VALUES (3893, '42', 1, 2, 3, 1);
INSERT INTO `tbl_penilaian_alt` VALUES (3894, '42', 2, 11, 4, 1);
INSERT INTO `tbl_penilaian_alt` VALUES (3895, '42', 3, 7, 3, 1);
INSERT INTO `tbl_penilaian_alt` VALUES (3896, '43', 1, 2, 3, 1);
INSERT INTO `tbl_penilaian_alt` VALUES (3897, '43', 2, 11, 4, 1);
INSERT INTO `tbl_penilaian_alt` VALUES (3898, '43', 3, 7, 3, 1);
INSERT INTO `tbl_penilaian_alt` VALUES (3899, '44', 1, 2, 3, 1);
INSERT INTO `tbl_penilaian_alt` VALUES (3900, '44', 2, 11, 4, 1);
INSERT INTO `tbl_penilaian_alt` VALUES (3901, '44', 3, 7, 3, 1);
INSERT INTO `tbl_penilaian_alt` VALUES (3902, '45', 1, 1, 4, 1);
INSERT INTO `tbl_penilaian_alt` VALUES (3903, '45', 2, 11, 4, 1);
INSERT INTO `tbl_penilaian_alt` VALUES (3904, '45', 3, 7, 3, 1);
INSERT INTO `tbl_penilaian_alt` VALUES (3905, '46', 1, 2, 3, 1);
INSERT INTO `tbl_penilaian_alt` VALUES (3906, '46', 2, 11, 4, 1);
INSERT INTO `tbl_penilaian_alt` VALUES (3907, '46', 3, 7, 3, 1);
INSERT INTO `tbl_penilaian_alt` VALUES (3908, '47', 1, 1, 4, 1);
INSERT INTO `tbl_penilaian_alt` VALUES (3909, '47', 2, 11, 4, 1);
INSERT INTO `tbl_penilaian_alt` VALUES (3910, '47', 3, 6, 4, 1);
INSERT INTO `tbl_penilaian_alt` VALUES (3911, '48', 1, 2, 3, 1);
INSERT INTO `tbl_penilaian_alt` VALUES (3912, '48', 2, 11, 4, 1);
INSERT INTO `tbl_penilaian_alt` VALUES (3913, '48', 3, 6, 4, 1);
INSERT INTO `tbl_penilaian_alt` VALUES (3914, '49', 1, 2, 3, 1);
INSERT INTO `tbl_penilaian_alt` VALUES (3915, '49', 2, 11, 4, 1);
INSERT INTO `tbl_penilaian_alt` VALUES (3916, '49', 3, 7, 3, 1);
INSERT INTO `tbl_penilaian_alt` VALUES (3917, '50', 1, 2, 3, 1);
INSERT INTO `tbl_penilaian_alt` VALUES (3918, '50', 2, 11, 4, 1);
INSERT INTO `tbl_penilaian_alt` VALUES (3919, '50', 3, 7, 3, 1);
INSERT INTO `tbl_penilaian_alt` VALUES (3920, '51', 1, 2, 3, 1);
INSERT INTO `tbl_penilaian_alt` VALUES (3921, '51', 2, 12, 3, 1);
INSERT INTO `tbl_penilaian_alt` VALUES (3922, '51', 3, 7, 3, 1);
INSERT INTO `tbl_penilaian_alt` VALUES (3923, '52', 1, 2, 3, 1);
INSERT INTO `tbl_penilaian_alt` VALUES (3924, '52', 2, 11, 4, 1);
INSERT INTO `tbl_penilaian_alt` VALUES (3925, '52', 3, 7, 3, 1);
INSERT INTO `tbl_penilaian_alt` VALUES (3926, '53', 1, 2, 3, 1);
INSERT INTO `tbl_penilaian_alt` VALUES (3927, '53', 2, 11, 4, 1);
INSERT INTO `tbl_penilaian_alt` VALUES (3928, '53', 3, 7, 3, 1);
INSERT INTO `tbl_penilaian_alt` VALUES (3929, '54', 1, 2, 3, 1);
INSERT INTO `tbl_penilaian_alt` VALUES (3930, '54', 2, 11, 4, 1);
INSERT INTO `tbl_penilaian_alt` VALUES (3931, '54', 3, 7, 3, 1);
INSERT INTO `tbl_penilaian_alt` VALUES (3932, '55', 1, 2, 3, 1);
INSERT INTO `tbl_penilaian_alt` VALUES (3933, '55', 2, 11, 4, 1);
INSERT INTO `tbl_penilaian_alt` VALUES (3934, '55', 3, 7, 3, 1);
INSERT INTO `tbl_penilaian_alt` VALUES (3935, '56', 1, 1, 4, 1);
INSERT INTO `tbl_penilaian_alt` VALUES (3936, '56', 2, 11, 4, 1);
INSERT INTO `tbl_penilaian_alt` VALUES (3937, '56', 3, 7, 3, 1);
INSERT INTO `tbl_penilaian_alt` VALUES (3938, '57', 1, 2, 3, 1);
INSERT INTO `tbl_penilaian_alt` VALUES (3939, '57', 2, 11, 4, 1);
INSERT INTO `tbl_penilaian_alt` VALUES (3940, '57', 3, 7, 3, 1);
INSERT INTO `tbl_penilaian_alt` VALUES (3941, '58', 1, 1, 4, 1);
INSERT INTO `tbl_penilaian_alt` VALUES (3942, '58', 2, 11, 4, 1);
INSERT INTO `tbl_penilaian_alt` VALUES (3943, '58', 3, 7, 3, 1);
INSERT INTO `tbl_penilaian_alt` VALUES (3944, '59', 1, 2, 3, 1);
INSERT INTO `tbl_penilaian_alt` VALUES (3945, '59', 2, 11, 4, 1);
INSERT INTO `tbl_penilaian_alt` VALUES (3946, '59', 3, 7, 3, 1);
INSERT INTO `tbl_penilaian_alt` VALUES (3947, '60', 1, 2, 3, 1);
INSERT INTO `tbl_penilaian_alt` VALUES (3948, '60', 2, 11, 4, 1);
INSERT INTO `tbl_penilaian_alt` VALUES (3949, '60', 3, 7, 3, 1);
INSERT INTO `tbl_penilaian_alt` VALUES (3950, '61', 1, 2, 3, 1);
INSERT INTO `tbl_penilaian_alt` VALUES (3951, '61', 2, 11, 4, 1);
INSERT INTO `tbl_penilaian_alt` VALUES (3952, '61', 3, 7, 3, 1);
INSERT INTO `tbl_penilaian_alt` VALUES (3953, '62', 1, 2, 3, 1);
INSERT INTO `tbl_penilaian_alt` VALUES (3954, '62', 2, 11, 4, 1);
INSERT INTO `tbl_penilaian_alt` VALUES (3955, '62', 3, 7, 3, 1);
INSERT INTO `tbl_penilaian_alt` VALUES (3956, '63', 1, 2, 3, 1);
INSERT INTO `tbl_penilaian_alt` VALUES (3957, '63', 2, 11, 4, 1);
INSERT INTO `tbl_penilaian_alt` VALUES (3958, '63', 3, 7, 3, 1);
INSERT INTO `tbl_penilaian_alt` VALUES (3959, '64', 1, 2, 3, 1);
INSERT INTO `tbl_penilaian_alt` VALUES (3960, '64', 2, 11, 4, 1);
INSERT INTO `tbl_penilaian_alt` VALUES (3961, '64', 3, 7, 3, 1);
INSERT INTO `tbl_penilaian_alt` VALUES (3962, '65', 1, 2, 3, 1);
INSERT INTO `tbl_penilaian_alt` VALUES (3963, '65', 2, 11, 4, 1);
INSERT INTO `tbl_penilaian_alt` VALUES (3964, '65', 3, 7, 3, 1);
INSERT INTO `tbl_penilaian_alt` VALUES (3965, '66', 1, 1, 4, 1);
INSERT INTO `tbl_penilaian_alt` VALUES (3966, '66', 2, 11, 4, 1);
INSERT INTO `tbl_penilaian_alt` VALUES (3967, '66', 3, 6, 4, 1);
INSERT INTO `tbl_penilaian_alt` VALUES (3968, '67', 1, 1, 4, 1);
INSERT INTO `tbl_penilaian_alt` VALUES (3969, '67', 2, 11, 4, 1);
INSERT INTO `tbl_penilaian_alt` VALUES (3970, '67', 3, 7, 3, 1);
INSERT INTO `tbl_penilaian_alt` VALUES (3971, '68', 1, 2, 3, 1);
INSERT INTO `tbl_penilaian_alt` VALUES (3972, '68', 2, 11, 4, 1);
INSERT INTO `tbl_penilaian_alt` VALUES (3973, '68', 3, 7, 3, 1);

-- ----------------------------
-- Table structure for tbl_penilaian_temp
-- ----------------------------
DROP TABLE IF EXISTS `tbl_penilaian_temp`;
CREATE TABLE `tbl_penilaian_temp`  (
  `id_penilaian_temp` int(11) NOT NULL AUTO_INCREMENT,
  `id_alternatif` varchar(3) CHARACTER SET latin1 COLLATE latin1_swedish_ci NOT NULL,
  `id_kriteria` int(11) NOT NULL,
  `id_subkriteria` int(11) NOT NULL,
  `nilai_subkriteria` float NOT NULL,
  PRIMARY KEY (`id_penilaian_temp`) USING BTREE
) ENGINE = InnoDB AUTO_INCREMENT = 1 CHARACTER SET = latin1 COLLATE = latin1_swedish_ci ROW_FORMAT = Dynamic;

-- ----------------------------
-- Records of tbl_penilaian_temp
-- ----------------------------

-- ----------------------------
-- Table structure for tbl_riwayat
-- ----------------------------
DROP TABLE IF EXISTS `tbl_riwayat`;
CREATE TABLE `tbl_riwayat`  (
  `id_submit` int(11) NOT NULL,
  `id_riwayat` int(11) NOT NULL AUTO_INCREMENT,
  `nisn` varchar(10) CHARACTER SET latin1 COLLATE latin1_swedish_ci NOT NULL,
  `nama_siswa` varchar(150) CHARACTER SET latin1 COLLATE latin1_swedish_ci NOT NULL,
  `jenis_kelamin` varchar(9) CHARACTER SET latin1 COLLATE latin1_swedish_ci NOT NULL,
  `tempat_lahir` varchar(50) CHARACTER SET latin1 COLLATE latin1_swedish_ci NOT NULL,
  `tanggal_lahir` varchar(10) CHARACTER SET latin1 COLLATE latin1_swedish_ci NOT NULL,
  `kelas` varchar(10) CHARACTER SET latin1 COLLATE latin1_swedish_ci NOT NULL,
  `tahun_pelajaran` varchar(20) CHARACTER SET latin1 COLLATE latin1_swedish_ci NOT NULL,
  `hasil_alternatif` float NOT NULL,
  `date_submit` timestamp(0) NOT NULL DEFAULT CURRENT_TIMESTAMP(0),
  PRIMARY KEY (`id_riwayat`) USING BTREE
) ENGINE = InnoDB AUTO_INCREMENT = 7 CHARACTER SET = latin1 COLLATE = latin1_swedish_ci ROW_FORMAT = Dynamic;

-- ----------------------------
-- Records of tbl_riwayat
-- ----------------------------
INSERT INTO `tbl_riwayat` VALUES (1, 3, '2222222222', 'siswa tiga', 'L', 'Palembang', '2020/05/12', 'XI IPA 1', '2019/2020 Semester 1', 0.97, '2020-07-04 04:12:02');
INSERT INTO `tbl_riwayat` VALUES (4, 4, '2222222222', 'siswa tiga', 'L', 'Palembang', '2020/05/12', 'XI IPA 1', '2019/2020 Semester 1', 0.97, '2020-07-04 04:12:23');
INSERT INTO `tbl_riwayat` VALUES (5, 5, '2222222222', 'siswa tiga', 'L', 'Palembang', '2020/05/12', 'XI IPA 1', '2019/2020 Semester 1', 0.97, '2020-07-04 04:12:23');
INSERT INTO `tbl_riwayat` VALUES (6, 6, '2222222222', 'siswa tiga', 'L', 'Palembang', '2020/05/12', 'XI IPA 1', '2019/2020 Semester 1', 0.97, '2020-07-04 10:20:13');

-- ----------------------------
-- Table structure for tbl_siswa
-- ----------------------------
DROP TABLE IF EXISTS `tbl_siswa`;
CREATE TABLE `tbl_siswa`  (
  `id_siswa` int(11) NOT NULL AUTO_INCREMENT,
  `nisn` varchar(16) CHARACTER SET utf8mb4 COLLATE utf8mb4_general_ci NOT NULL,
  `nis` varchar(16) CHARACTER SET utf8mb4 COLLATE utf8mb4_general_ci NULL DEFAULT NULL,
  `nama_lengkap` varchar(100) CHARACTER SET utf8mb4 COLLATE utf8mb4_general_ci NOT NULL,
  `jenis_kelamin` enum('L','P','','') CHARACTER SET utf8mb4 COLLATE utf8mb4_general_ci NOT NULL,
  `agama` char(1) CHARACTER SET utf8mb4 COLLATE utf8mb4_general_ci NULL DEFAULT NULL,
  `tempat_lahir` varchar(100) CHARACTER SET utf8mb4 COLLATE utf8mb4_general_ci NOT NULL,
  `tanggal_lahir` date NOT NULL,
  `ayah` varchar(255) CHARACTER SET utf8mb4 COLLATE utf8mb4_general_ci NULL DEFAULT NULL,
  `ibu` varchar(255) CHARACTER SET utf8mb4 COLLATE utf8mb4_general_ci NULL DEFAULT NULL,
  `alamat_siswa` text CHARACTER SET utf8mb4 COLLATE utf8mb4_general_ci NULL,
  `status` int(1) UNSIGNED ZEROFILL NULL DEFAULT NULL,
  PRIMARY KEY (`id_siswa`) USING BTREE
) ENGINE = InnoDB AUTO_INCREMENT = 142 CHARACTER SET = utf8mb4 COLLATE = utf8mb4_general_ci ROW_FORMAT = Dynamic;

-- ----------------------------
-- Records of tbl_siswa
-- ----------------------------
INSERT INTO `tbl_siswa` VALUES (1, '32118241', '3181910001', 'Adhyo Yesaya Stevanus Aritonang', 'L', 'P', 'Tangerang', '2003-05-05', 'Poltak Sukamto Aritonang', 'Christina N', 'Graha Raya Fortune Breeze Blok D5/F.06', 0);
INSERT INTO `tbl_siswa` VALUES (2, '25435134', '3181910002', 'Andrean Alfianto', 'L', 'I', 'Tangerang', '2002-12-01', 'Supriyanto', 'Christina', 'Karyawan 3 No. 137 Rt.02/07', 0);
INSERT INTO `tbl_siswa` VALUES (3, '36507222', '3181910003', 'Ainun Fadilla Khansa Permadani', 'P', 'I', 'Sragen', '2003-07-09', 'Edi Purwanto', 'Warsani', 'Komplek Pondok Bahar Blok A No. 5 Rt. 02/07', 0);
INSERT INTO `tbl_siswa` VALUES (4, '26688452', '3181910004', 'Abram Eceleciast Pasaribu', 'L', 'P', 'Tarutung', '2002-09-13', 'Budiman', 'Princes Aritonang', 'JI. Hidup Baru X Tangerang banten', 0);
INSERT INTO `tbl_siswa` VALUES (5, '31874482', '3181910005', 'Andika Pebriliansyah', 'L', 'I', 'Jakarta', '2003-02-01', 'Enang Supriatna', 'Irwani', 'Jl. Karyawan 1 RT01/05, Karang Teagah, Karang Tengah, Kota Tangerang', 0);
INSERT INTO `tbl_siswa` VALUES (6, '34377257', '3181910006', 'Anita Oktaviyani', 'P', 'I', 'Tangerang', '2003-10-12', 'Sugiyanto', 'Rumiyah', 'Poncol Rt/Rw.3/8 Kel. Kunciran Indah Kec. Pinang Kota Tangerang', 0);
INSERT INTO `tbl_siswa` VALUES (7, '31870373', '3181910007', 'Astri Mulyati', 'P', 'I', 'Tangerang', '2003-05-30', 'Nisan Mulyadin', 'Maryanah', 'JI. H. Djali RT01/011 Kunciran Indah, Pinang, Kota Tangerang 15144', 0);
INSERT INTO `tbl_siswa` VALUES (8, '32399920', '3181910166', 'Alvin Himawan', 'L', 'P', 'Tangerang', '2003-04-09', 'Eddie Pantia Sitorus', '', 'Cluster Pesona Ciledug Blok F13 Rt. 006/02', 0);
INSERT INTO `tbl_siswa` VALUES (9, '39304647', '3181910103', 'Auffaa Fariz Athallah', 'L', 'I', 'Tangerang', '2003-05-20', 'Yulpi Guzawan', 'Nopani', 'Palem Ganda Asri Blok C-3/20 Karang Tengah Tangerang', 0);
INSERT INTO `tbl_siswa` VALUES (10, '31870043', '3181910009', 'Diaz Haykal Rarnadhan Sujatmiko', 'L', 'I', 'Jakarta', '2003-11-22', 'Gandung Sujatmiko', 'Eva Nurfajria', 'Jl. Lembang Baru 1 RT02/010 Tangerang', 0);
INSERT INTO `tbl_siswa` VALUES (11, '28216314', '3181910010', 'Dinara Safina', 'P', 'I', 'Jakarta', '2002-11-29', 'Gatot Perwita Sari', 'Sari Muttmattinah', 'Jl. Inpres IX Nol l RT05/08 Larangan Utara, Larangan, Kota Tangerang', 0);
INSERT INTO `tbl_siswa` VALUES (12, '27641058', '3181910011', 'Elvera Maulida', 'P', 'I', 'Menung', '2002-08-01', 'Junaidi', 'Sri Mujiem', 'Kp. Bulak Santri', 1);
INSERT INTO `tbl_siswa` VALUES (13, '32776005', '3181910012', 'Esa Fadillah Kurniawan', 'L', 'I', 'Tangerang', '2002-08-01', 'Tohirudin', 'Sidah', 'Jl Merpati K3 Mangggis Pd. Kacang Timur Rt. 03/04', 0);
INSERT INTO `tbl_siswa` VALUES (14, '30634373', '3181910013', 'Faizah Rachmawati', 'P', 'I', 'Sragen', '2003-05-28', 'M. Shofar Hartanto', 'Enggar Marginingsih', 'Perumahan Griya Ciledug Jl. Flamboyan Rt.05/016 Blok N.4', 0);
INSERT INTO `tbl_siswa` VALUES (15, '38164332', '3181910014', 'Galih Surya Atmadja', 'L', 'I', 'Tangerang', '2003-02-10', 'Nurino', 'Sudarti', 'Jl. Masjid Raya RT01/07 Larangan Selatan, Larangan, Tangerang 15154', 0);
INSERT INTO `tbl_siswa` VALUES (16, '25490839', '3181910015', 'Ghafira Ramdhania Putri Hami', 'P', 'I', 'Tangerang', '2003-10-05', 'Eka Hami', 'Maesarob', 'JI. KH. Mas Mansyur RT01/04 Sudimara Pinang, Pinang, Tangerang 15145', 1);
INSERT INTO `tbl_siswa` VALUES (17, '32805332', '3181910016', 'Gabriella Judith Tjajono', 'P', 'P', 'Demak', '2003-07-21', 'Eko Tjojono', 'Mei Whidayati', 'Palem Ganda Asri Blok B 10/No.5 Karang Tengah Karang Tengah Tangerang', 1);
INSERT INTO `tbl_siswa` VALUES (18, '34199072', '3181910017', 'Ika Andini', 'L', 'I', 'Tangerang', '2003-08-29', 'Nurul', 'Wiwin Megawati', 'Jl.Masjid V RT01/04 No.43 Sudimara Timur Tangerang', 0);
INSERT INTO `tbl_siswa` VALUES (19, '34377197', '3181910018', 'Kevin Revanvel Tambunan', 'P', 'P', 'Jakarta', '2003-10-10', 'Achmad Hendrawan', 'Lily Az-zahra', 'Duta Bintaro Tampak Siring', 0);
INSERT INTO `tbl_siswa` VALUES (20, '30159253', '3181910019', 'Laila Nur Rahmah', 'P', 'I', 'Tangerang', '2003-01-11', 'Samin', 'Faridah', 'Prung Kored Rt. 01/02', 0);
INSERT INTO `tbl_siswa` VALUES (21, '32313610', '3181910020', 'Liza Faradhia', 'P', 'I', 'Jakarta', '2003-08-13', 'Muklis', 'Nita', 'JI.Jambu No.42 RT01/05 Kunciran, Pinang Kota Tangerang', 1);
INSERT INTO `tbl_siswa` VALUES (22, '25432581', '3181910021', 'Maulana Yusuf', 'L', 'I', 'Tangerang', '2002-12-06', 'Dios Heriana', 'Sri Purwani', 'JI. Kebon Manggis 5 No 82', 0);
INSERT INTO `tbl_siswa` VALUES (23, '31859560', '3181910022', 'Meisyarah Khalisa', 'P', 'I', 'Tangerang', '2003-05-04', 'Sutaria', 'Ratna Wahyu Ningsih', 'JI. Raden Fatah Gg. Swadaya 5 RT03/05 Parung Serab, Ciledug Kota Tangerang 15153', 0);
INSERT INTO `tbl_siswa` VALUES (24, '31956689', '3181910023', 'Nabillah Syifa Athalia', 'P', 'I', 'Karanganyar', '2003-07-15', 'Siswahyudi', 'Irna Darmawatir', 'Kp. Grogol Rt002/001 Panmas Depok', 0);
INSERT INTO `tbl_siswa` VALUES (25, '31257034', '3181910024', 'Putri Florance Dero', 'P', 'P', 'Tangerang', '2002-10-26', 'David Dero', 'Sarah Mie han', 'Perum Dahlia Loka RB3/4 RT02/03 Pondok Jagung Timur, Serpong Utara Tangerang', 0);
INSERT INTO `tbl_siswa` VALUES (26, '39261086', '3181910025', 'Riskia Pebiola', 'P', 'I', 'Tangerang', '2003-02-03', 'Totok Edi Nugroho', 'Masnoah', 'Komp. Pusdiklantas Polri RT.01/06, Paku jaya, Serpong Utara, Tangerang Selatan', 0);
INSERT INTO `tbl_siswa` VALUES (27, '7929617', '3181910026', 'Ruby Lavenda', 'P', 'B', 'Tebas', '2002-12-20', 'Suriadi', 'Tsbui Ha', 'Fortune', 0);
INSERT INTO `tbl_siswa` VALUES (28, '31936879', '3181910027', 'Sabrina Marito', 'P', 'P', 'Jakarta', '2003-07-28', 'Saut Situmorang', 'Rubiyarti Aritonang', 'Jl. Hidup Baru III No. 21 Rt.09/01', 0);
INSERT INTO `tbl_siswa` VALUES (29, '31936840', '3181910028', 'Samuel Rise Wijaya', 'L', 'P', 'Tangerang', '2003-09-17', 'Ragil Subowo', 'Sri Wahyuni', 'Jl. Alap-Alap Blok A30/14 RT05/07 Kunciran Indah, Pinang, Kota Tangerang', 0);
INSERT INTO `tbl_siswa` VALUES (30, '27737838', '3181910029', 'Tunggul Catur Prasetyo', 'L', 'I', 'Jakarta', '2003-08-22', 'Suharto', 'Siti Aminah', 'Jl. Gunung Kerinci K. 18 No. 18 Rt.09/01', 0);
INSERT INTO `tbl_siswa` VALUES (31, '30674787', '3181910030', 'Yusuf Saputra Nurhalik', 'L', 'I', 'Sangatta', '2003-01-26', 'Abo Halie', 'Novita', 'Residence One BSD Jelupang, Serpong Utara, Tangerang Selatan', 0);
INSERT INTO `tbl_siswa` VALUES (32, '31819547', '3181910147', 'Tiara Afista', 'P', 'I', 'Jakarta', '2001-07-05', 'Poniran', 'Dewi Yunilasari', 'JI. H. Berit Kav. DKI No. 5', 0);
INSERT INTO `tbl_siswa` VALUES (33, '40119278', '3181910152', 'Rio Ferdian Herlambang', 'L', 'I', 'Bogor', '2004-01-16', 'Timmy Herlambang', '', 'Duta Bintaro D2/43 Kel Kunciran', 0);
INSERT INTO `tbl_siswa` VALUES (34, '31875193', '3192010168', 'Niken Galuh Wikandyah', 'P', 'I', 'Jakarta', '2003-05-28', 'Cahyono', 'Krisna Sumintarti', 'Komp. Deplu Blok g-8 Kel. Jurangmangu Timur Kec. Pondok Aren', 0);
INSERT INTO `tbl_siswa` VALUES (35, '', '3192010170', 'Arya Raihan Pradana', 'L', 'I', 'Tangerang', '2003-06-23', 'Handrian', 'Surapti Rahayuni', 'Komplek Kunciran Mas Permai', 0);
INSERT INTO `tbl_siswa` VALUES (36, '34433967', '3181910031', 'Adiella Glenandra', 'P', 'P', 'Tangerang', '2003-06-21', 'Asi Samosir', 'Eva T. Agustina', 'Jl. K.H Hasyim ashari Gg. Kramat Rt04/03 Nerogtog Pinang Kota Tangerang 15145', 0);
INSERT INTO `tbl_siswa` VALUES (37, '31859985', '3181910153', 'Ahmad Nursaid', 'L', 'I', 'Jakarta', '2003-06-01', 'Haryudi', 'Erni Supriani', 'Jl. Tanah Seratus No. 64 Rt.03106 Sudimara Jaya Tangerang', 0);
INSERT INTO `tbl_siswa` VALUES (38, '25859660', '3181910033', 'Chika Azahra Rahmadanti', 'P', 'I', 'Tangerang', '2002-11-13', 'Muhamad', 'Nuraini', 'Jl. Manunggal V RT01/05 Parigi Baru, Pondok aren 15228 Tangerang Selatan', 0);
INSERT INTO `tbl_siswa` VALUES (39, '23281913', '3181910034', 'Derry Windasari', 'P', 'I', 'Sragen', '2002-12-21', 'Bakdo Suwarno', 'Wantini', 'Kp. Dongkal Pd. Jagung Serpong Utara, Kota Tangerang Selatan', 0);
INSERT INTO `tbl_siswa` VALUES (40, '42563317', '3181910035', 'Devi Chyntia Grace Bukasiang Sahambangung', 'L', 'I', 'Jakarta', '2003-10-15', '', '', 'Pd. Maharta Blok A4/4 RT019/010 Pd. Kacang Timur, Pd. Aren, Tangerang Selatan', 0);
INSERT INTO `tbl_siswa` VALUES (41, '31859941', '3181910107', 'Ditya Nur Safitri', 'P', 'I', 'Tangerang', '2002-12-13', '', '', 'Jl. Duren Sawit No. 83 ', 0);
INSERT INTO `tbl_siswa` VALUES (42, '32978973', '3181910156', 'Dibha Maharanie', 'P', 'I', 'Reronga', '2003-09-14', 'Muhammad Najib', 'Wahyuni', 'Pondok Bahar Rt.05/01 Kota Tangerang', 0);
INSERT INTO `tbl_siswa` VALUES (43, '33415008', '3181910037', 'Fabian Yudistira', 'L', 'I', 'Jakarta', '2003-11-20', 'Agus Setiahadi', 'Mariska', 'Swadaya 2 Gg. Melati I/91 Rt. 001/003 Kel. Sudimara Jaya', 0);
INSERT INTO `tbl_siswa` VALUES (44, '32317083', '3181910038', 'Fatwa Adelia Utami', 'L', 'I', '', '0000-00-00', '', '', '', 0);
INSERT INTO `tbl_siswa` VALUES (45, '30871803', '3181910039', 'Gatra Frans Mikhael', 'L', 'P', 'Jakarta', '2003-04-10', 'Remanto', 'Suminar Ginting', 'Jl. Karya Baru No.31 RT08/03, Srengseng, Kembangan, Jakarta Barat', 0);
INSERT INTO `tbl_siswa` VALUES (46, '31836530', '3181910114', 'Halimatul Zahra Kurtubi', 'P', 'I', 'Tangerang', '2003-01-10', 'Napis', 'Yulin Erika Ningsih ', 'Jl. Kebalen RT03/06 Pinang Kota Tangerang', 0);
INSERT INTO `tbl_siswa` VALUES (47, '39626010', '3181910040', 'Helen Sonia Sanjaya', 'P', 'P', 'Bogor', '2003-07-14', 'Sanjaya Jong', 'Maryani Thamrin', 'Komplek Barata Jl. Barata Karya VIII No. 19', 0);
INSERT INTO `tbl_siswa` VALUES (48, '31873696', '3181910041', 'I Gde Isha Masiha', 'L', 'I', 'Jakarta', '2003-08-08', 'Wayan', 'Nizneila A Jusra', 'Jl. Swadaya No. 22 Rt.002/04', 0);
INSERT INTO `tbl_siswa` VALUES (49, '31915694', '3181910042', 'Imam Fachri', 'L', 'I', 'Tangerang', '2003-04-26', 'Muh. Farudin', 'Fitri Marlina', 'Jl. Pondok Serut No. 1B RT01/03 Paku Jaya Serpong Tangerang Selatan', 0);
INSERT INTO `tbl_siswa` VALUES (50, '38688589', '3181910145', 'Kezia Mannuella Putri H.h', 'P', 'P', 'Jakarta', '2003-10-07', 'E.H.T.P Hutasoit', 'Erna Marintan', 'Jl. Garuda III No. 27', 0);
INSERT INTO `tbl_siswa` VALUES (51, '24754808', '3181910164', 'Kristio Budi Prayoga', 'L', 'I', 'Jakarta', '2002-09-14', 'Tri Sutono', 'Watriah', 'Jl. Meruya Ilir Kebun Jeruk No. 33 Srengseng', 0);
INSERT INTO `tbl_siswa` VALUES (52, '31874263', '3181910043', 'Maharani Dwi Putri', 'P', 'I', 'Tangerang', '2003-05-31', 'Achmad Sunardi', 'Kastimah', 'Komplek Griya Kenanga', 0);
INSERT INTO `tbl_siswa` VALUES (53, '37305238', '3181910044', 'Moharnad Ardian Saputra', 'L', 'I', 'Blitar', '2003-06-14', 'Samo', 'Sulastri', 'Kunciran', 0);
INSERT INTO `tbl_siswa` VALUES (54, '37674433', '3181910045', 'Muhammad Raihan Kurniawan', 'L', 'I', 'Tangerang', '2003-04-17', 'Azwar Kurniawan', 'Romlah', 'Kp. Parung Kored No. 23 Rt.03/03 Kel. Karang Tengah', 0);
INSERT INTO `tbl_siswa` VALUES (55, '31859041', '3181910046', 'Nanda Devi Pusparini', 'P', 'I', 'Jakarta', '2003-12-14', 'Rubani', 'Sulastri', 'Asrama Polri Ciledug', 0);
INSERT INTO `tbl_siswa` VALUES (56, '33196360', '3181910047', 'Natasya Salsabila', 'P', 'I', 'Jakarta', '2003-01-30', 'Puji Heriyanto', 'Yuliawati', 'Kp. Pondok Serut Rt02/03, Paku Jaya, Serpong Utara, Tangerang Selatan', 0);
INSERT INTO `tbl_siswa` VALUES (57, '31859622', '3181910048', 'Nicky Chen', 'L', 'B', 'Tangerang', '2002-07-13', 'Bui Min', 'Pipit Sandra', 'Pondok Lestari. Blok A5 No. 38 Kec. Karang Tengah', 0);
INSERT INTO `tbl_siswa` VALUES (58, '31873736', '3181910049', 'Raisya Humaira Putri Hasan', 'P', 'I', 'Tangerang', '2003-06-17', 'Anton Prihasan', 'Helyani Eka. P ', 'Jl. H. Djuna Raya No.35 RT04/04, Sudimara, Pinang, Tangerang', 1);
INSERT INTO `tbl_siswa` VALUES (59, '31859046', '3181910050', 'Renofandi Alfiandra Dien', 'L', 'I', 'Bekasi', '2003-08-06', 'Agus Mohammad Dien', 'Rasmini', 'Duren Village D3 15 Rt.04/012', 0);
INSERT INTO `tbl_siswa` VALUES (60, '37163750', '3181910051', 'Sandv Mahardika', 'L', 'I', 'Jakarta', '2003-11-17', 'Suziandi Martadinata', 'Susanti', 'Jl. KH. Dewantoro RT03/02, Gondrong, Cipondoh, Tangerang', 0);
INSERT INTO `tbl_siswa` VALUES (61, '25435224', '3181910052', 'Shifa Nur Aini', 'P', 'I', 'Tangerang', '2000-10-01', 'Maryasan', 'Hj. Saliah', 'Parung Kored Rt.04/01 Parung Jaya Tangerang', 1);
INSERT INTO `tbl_siswa` VALUES (62, '30559913', '3181910053', 'Syifa Nabila', 'P', 'I', 'Lubuk Kinggau', '2003-03-03', 'Subiyantono', 'Rahmel Yanti', 'Palem Ganda Asri 3 RT 01/02, Karang Timur, Karang Tengah Kota Tangerang', 0);
INSERT INTO `tbl_siswa` VALUES (63, '38454575', '3181910054', 'Teguh Imanuel', 'L', 'P', 'Kelepuk Dait', '2003-05-30', 'Yitno', 'Melsiana', 'Ruko Cendana Loka Graha Raya Blok G10 No. 8A Paku Jaya Serpong Utara Tangerang', 0);
INSERT INTO `tbl_siswa` VALUES (64, '31614537', '3181910055', 'Vanessa Gadisandrian', 'P', 'I', 'Tangerang', '2003-05-19', '', 'Lia Ameli', 'Puri Permata Blok', 1);
INSERT INTO `tbl_siswa` VALUES (65, '32316769', '3181910056', 'Wirangga Saputra', 'L', 'I', 'Tangerang', '2003-12-02', 'Suwano', 'Sri Mulyani', 'Buana Gardenia RT09/04 Pinang, Pinang, Kota Tangerang', 1);
INSERT INTO `tbl_siswa` VALUES (66, '27112908', '3181910057', 'Yukitaraka Putra', 'L', 'I', 'Jakarta', '2002-10-30', 'Sumbono', 'Anggriyati', 'Graha Raya Melia Garden H3 RT02/024 Paku Jaya, Serpong Utara, Tangerang Selatan', 0);
INSERT INTO `tbl_siswa` VALUES (67, '31871199', '3181910058', 'Yulia Muliawati', 'P', 'I', 'Tangerang', '2003-07-01', 'Aep Seepudin', 'Sumiati', 'Jl. H. Mean VIII No.140 RT01/02 Karang Timur, Karang Tengah, Kota Tangerang 15157', 0);
INSERT INTO `tbl_siswa` VALUES (68, '32313612', '3193010154', 'Abimanyu Nadita Jamalu S', 'L', 'I', 'Jakarta', '2003-08-28', 'Toni Gunawan', 'Wartinie', 'Duren Villa Blok D2/12A Ciledug', 0);
INSERT INTO `tbl_siswa` VALUES (69, '31313596', '3181910060', 'Alanda Zahrani Yusman', 'P', 'I', 'Jakarta', '2003-06-02', 'Yusman Ismail', 'Maharni Sumirat', 'BRI 1 Blok FI2A Karang Tengah Ciledug', 0);
INSERT INTO `tbl_siswa` VALUES (70, '20390128', '3181910062', 'Alexander Yohanes', 'L', 'P', 'Jakarta', '2002-05-24', 'Adolf Bastian s', 'Astri Erna Simanjuni', 'Buana Gardenia Blok F 3 No. 20', 0);
INSERT INTO `tbl_siswa` VALUES (71, '32212267', '3181910063', 'Alif Junean Wibowo', 'L', 'I', 'Jakarta', '2003-06-18', 'Eko Wibowo', 'Windhy Widhyanty', 'Kav. DKI Blok 66: 18', 0);
INSERT INTO `tbl_siswa` VALUES (72, '22443804', '3181910064', 'Anan Dwi Prakoso', 'L', 'I', 'Jakarta', '2002-05-26', 'Karno', 'Sri Sulastri', 'Jln Albartah Rt. 02/63 Ke. Rawa Buaya', 0);
INSERT INTO `tbl_siswa` VALUES (73, '32755814', '3181910066', 'Baraditya Satrio Narendra', 'L', 'I', 'Tangerang', '2003-09-19', 'Winardi', 'Kuswanti', 'Jl. Griya Kencana 2 Rt. 03/15 Kel. Sudimara Barat', 0);
INSERT INTO `tbl_siswa` VALUES (74, '32399893', '3181910067', 'Corryando Thulus', 'L', 'P', 'Jakarta', '2003-01-16', 'Herman Nababan', 'Mariani Dongoran', 'Per. Mahkota Simprug Blok C5-17 Rt.01/15 Kel. Peninggalan Utara', 0);
INSERT INTO `tbl_siswa` VALUES (75, '32018510', '3181910068', 'Daffa Nathandio', 'L', 'I', 'Tangerang', '2003-05-18', 'Urip Nurahanto', 'Ade Elvira', 'Puri Bintaro Hijau R1.02/017 Kel Peninggilan Tangerang', 0);
INSERT INTO `tbl_siswa` VALUES (76, '31870192', '3181910069', 'Devany Chandra Putri', 'P', 'I', 'Tangerang', '2003-08-14', 'Tri Prasetyo', 'Fardilah Ardiyanti', 'Jln Sukarela VII No. 66 Rt.03/05 Kel. Peninggilan Tangerang', 1);
INSERT INTO `tbl_siswa` VALUES (77, '34199077', '3181910070', 'Deva Salma Khataini', 'P', 'I', 'Tegal', '2003-10-22', 'Sultoni Bin Kamadi', 'Ririn Marianti', 'Jln. Hj. Mean VIII No. 140 Rt. 01/02 Kel. Karang Timur', 0);
INSERT INTO `tbl_siswa` VALUES (78, '32317086', '3181910071', 'Fajra Hamida', 'P', 'I', 'Tangerang', '2003-08-16', 'Fahri Amirullah', 'Siti Nurbayinah', 'Kunciran Mas Permai Rt. 010/07 Kel. Kunciran Indah', 0);
INSERT INTO `tbl_siswa` VALUES (79, '27399998', '3181910072', 'Fisalwa Zunil', 'P', 'I', 'Tangerang', '2002-11-27', 'Zuardi', 'Nila Kasuma C', 'Komplek Taman Asri Blok A2 No. 1 Rt. 01/02', 1);
INSERT INTO `tbl_siswa` VALUES (80, '27273206', '3181910073', 'Fitriana Ramadhan', 'P', 'I', 'Jakarta', '2002-12-03', 'Boy Rudolf Naniohy', 'Nurhayati', 'JI. Duren Village Rt.07/02', 0);
INSERT INTO `tbl_siswa` VALUES (81, '11948163', '3181910161', 'Faris', 'L', 'I', 'Jeddah', '2001-01-11', 'Komarudin BN. Junan', 'Juju Nur Ningsih', 'Jl. Menjangan Raya No. 89 Rt. 01/01 Pondok Ranji Ciputat', 0);
INSERT INTO `tbl_siswa` VALUES (82, '31874123', '3181910074', 'Gita Destiarni', 'P', 'P', 'Tangerang', '2003-09-22', 'Agus Tiar', 'Desmawati', 'Jl. Lembang II No. 62 Kel Sudimara Barat Kec. Ciledug', 0);
INSERT INTO `tbl_siswa` VALUES (83, '25233878', '3181910075', 'Gracyana Anandike Tjandra Sasmita', 'L', 'I', 'Tangerang', '2002-12-05', 'Handy', 'Jewie Kuswanto', 'GG Wijan Ridi No. 33 Rt. 03/01 Kec. Naroktog', 0);
INSERT INTO `tbl_siswa` VALUES (84, '36733663', '3181910076', 'Gufron Pujoe Pangistu', 'L', 'I', 'Jakarta', '2003-04-12', 'Galih Sukarmin', 'Yuli Hanifah', 'Jl. Al Berkah Kec. Cengkareng Kota Jakarta Barat', 1);
INSERT INTO `tbl_siswa` VALUES (85, '31870445', '3181910077', 'Hakam Putra Nugraha', 'L', 'P', 'Tangerang', '2003-12-27', 'Made Priambawa', 'Rita Dianti', 'Griya Tirtayasa B.2/10 Kel. Kunciran Kec. Pinang Tangerang', 0);
INSERT INTO `tbl_siswa` VALUES (86, '30555276', '3181910078', 'Julianto Pakpahan', 'L', 'P', 'Parung Panjnag', '2003-07-10', 'Kennedi Pakpahan', 'Tinsa Lubis', 'Perumahan Palem Ganda Kel. Karang Tengah', 0);
INSERT INTO `tbl_siswa` VALUES (87, '37320980', '3181910079', 'Kristian Parasian Situmeang', 'L', 'P', 'Tangerang', '2003-03-11', 'Agus Situmcang', 'Selvi Hutapea', 'Jl. Lembang Baru I', 0);
INSERT INTO `tbl_siswa` VALUES (88, '31870375', '3181910080', 'Lucky Aldiyasa', 'L', 'I', 'Jakarta', '2003-04-01', 'Budiono', 'Dorlina', 'JI. Sulawesi DM.17 No.6 Rt.02/06 Kel. Kunciran', 0);
INSERT INTO `tbl_siswa` VALUES (89, '31545331', '3181910081', 'Muhamad Indika Bagas Putra Febrian', 'L', 'I', 'Jakarta', '2003-05-31', 'Pembriyarto', 'Riviyanti', 'Jl. KH.Ahmad Dahlan Rt. 02/01 Kel. Petir Kec. Cipondoh Tangerang', 0);
INSERT INTO `tbl_siswa` VALUES (90, '37541105', '3181910083', 'Mohammad Riski', 'P', 'I', 'Banyumas', '2003-10-06', 'Tugino', 'Pari', 'Kav. Rawa Bunga Krl. Pondok Kacang Barat Kec. Pondok Aren', 0);
INSERT INTO `tbl_siswa` VALUES (91, '25038730', '3181910084', 'Nabilla Chandra Putri', 'P', 'I', 'Tangerang', '2002-10-08', 'Monlie', 'Aditia Chandra', 'JI. Barata Tama II No. 166', 0);
INSERT INTO `tbl_siswa` VALUES (92, '39052755', '3181910085', 'Nadia Alfiana', 'L', 'I', 'Tangerang', '2003-02-01', 'Adirin', 'Sutiyam', 'Kampung Gondrong Rt.04/02 Kec. Cipondoh Tangerang', 0);
INSERT INTO `tbl_siswa` VALUES (93, '31057369', '3181910086', 'Rahmat Fadelin', 'L', 'I', 'Tangerang', '2003-07-20', 'Ricky Marandika', 'Imelda Yunizar', 'JI. Tajur 99 H.Usman No. 49 Rt. 03/02 Kec Ciledug', 0);
INSERT INTO `tbl_siswa` VALUES (94, '25435405', '3181910088', 'Regina Yovita Aiko Silvana', 'P', 'K', 'Ciledug', '2002-09-07', 'Findi', 'Rita Wijayati', 'J1. Ciremai Raya 19 Rt. 001/006', 0);
INSERT INTO `tbl_siswa` VALUES (95, '31870038', '3181910089', 'Revana Sari', 'P', 'I', 'Tangerang', '2003-10-31', 'Tochidin', 'Suharti', 'Jl. Mulya Tajur Ciledug Tangerang Rt. 03/03', 0);
INSERT INTO `tbl_siswa` VALUES (96, '24954384', '3181910090', 'Revanza Ananto', 'L', 'I', 'Jakarta', '2002-04-27', 'Purwanto', 'Dewi Mahtasari', 'Metro Permata I Blok K4/No 11 Rt.01/08', 0);
INSERT INTO `tbl_siswa` VALUES (97, '31873573', '3181910091', 'Shabbir Syah', 'P', 'I', 'Jakarta', '2003-03-16', 'Sarjir', 'Roswinta', 'Pondok Maharta Blok 53 Rt. 006/009', 0);
INSERT INTO `tbl_siswa` VALUES (98, '5445739', '3181910092', 'Sherly Permatasari Ningrum', 'L', 'I', 'Tangerang', '2000-07-10', 'Subianto Saputra', 'Ratna Fauziah', 'Parigi Pondok Aren', 0);
INSERT INTO `tbl_siswa` VALUES (99, '25872655', '3181910093', 'Syahrul Robbaanii', 'L', 'I', 'Jakarta', '2002-10-29', 'Asrizal', 'Windawati', 'JI. Bangun Reksa Indah 2 Blok D Nomor 5', 0);
INSERT INTO `tbl_siswa` VALUES (100, '21486395', '3181910094', 'Taufik Dwi Setiawan', 'P', 'P', 'Grobongan', '2002-10-12', 'Sutarwan', 'Kasri', 'JI. Sultan Agung Tirtayasa Rt.002/09', 0);
INSERT INTO `tbl_siswa` VALUES (101, '25435371', '3181910095', 'Tessa Marisa', 'L', 'I', 'Tangerang', '2002-11-14', 'Basri', 'Berliana', 'Palem Ganda Asri I Blok CI Rt.02/02', 0);
INSERT INTO `tbl_siswa` VALUES (102, '32390736', '3181910096', 'Tias Anggoro', 'P', 'P', 'Jakarta', '2003-12-21', 'Tugiman', 'Ngatini', 'JI. Kav. Rawabunga No. 91', 0);
INSERT INTO `tbl_siswa` VALUES (103, '31870416', '3181910097', 'Yaumil Riziq', 'L', 'I', 'Jakarta', '2003-09-04', 'Yuheari', 'Hasbah', 'JI. Gunung Giri Tidar Rt 002/002', 1);
INSERT INTO `tbl_siswa` VALUES (104, '39417129', '3181910098', 'Yusila Misti Kussoy', 'P', 'P', 'Jakarta', '2003-07-24', 'Jaseky Kussor', 'Retno', 'GRB Pondok Jagung 2 Rt. 006/002', 0);
INSERT INTO `tbl_siswa` VALUES (105, '31837686', '3181910099', 'Yudha Putra Pratama', 'L', 'I', 'Tangerang', '2003-03-14', 'Pande Putu Swartawan', 'Erna Pujiana', 'Jl. Hj. Kiran Rt.04/08', 0);
INSERT INTO `tbl_siswa` VALUES (106, '35288165', '3192010164', 'Albert Butar-butar', 'L', 'P', 'Tanjung Beringin', '2003-06-10', 'Morlan Butar-Butar', 'Imelda Taringan', 'Kp. Jati Rt.006/007 Jatimulya Tambun Selatan Bekasi', 0);
INSERT INTO `tbl_siswa` VALUES (107, '32460828', '3181910100', 'Akdhan Darrynandika', 'L', 'I', 'Jakarta', '2003-08-04', 'Bamaahuri', 'Eva Rizani Kn', 'Perumahan Japos Graha Lestari Kelapa Indah Tangerang', 0);
INSERT INTO `tbl_siswa` VALUES (108, '33142957', '3181910101', 'Ami Nabila', 'P', 'I', 'Bogor', '2003-04-13', 'Andi Fauzan', 'Lisnawati', 'Ciledug Indah 2 Rt. 005/010', 0);
INSERT INTO `tbl_siswa` VALUES (109, '31837707', '3181910102', 'Anggraeni Widya Sari', 'P', 'I', 'Pamegasan, Madura', '2003-06-25', 'Edi Semadi', '', 'HOS Cokroaminoto Gg. Yadika 2B RT01/01, Ciledug Tangerang', 0);
INSERT INTO `tbl_siswa` VALUES (110, '31314631', '3181910159', 'Debora Tabita Rouli', 'P', 'P', 'Jakarta', '2003-02-10', 'Saut Siahaan', 'Erna Manurung', 'Puri Kartika Lama Blok DH No. 6 Ciledug Tangerang', 0);
INSERT INTO `tbl_siswa` VALUES (111, '31873640', '3181910108', 'Fany Rosmalia', 'L', 'B', 'Tangerang', '2003-11-10', '', 'Sulina', 'Palem Ganda Asri Blok C-VI/I Karang Tengah Tangerang', 0);
INSERT INTO `tbl_siswa` VALUES (112, '30634456', '3181910109', 'Felicia Amanda Alvita', 'P', 'B', 'Tangerang', '2001-02-18', 'Niptahul Jana', 'Uarauzi W', 'Gg. Kramat Nerogtog RT03/02 Pinang Kota Tangerang', 0);
INSERT INTO `tbl_siswa` VALUES (113, '33832536', '3181910110', 'Fiqih Fahlevi', 'L', 'I', 'Tangsel', '2003-05-19', 'Ahmad Joharyani', 'Leni Komalasari', 'Paku Jaya Permai Rt. 12/Rw.05 Kel. Paku Jaya, Kec. Serpong Utara, Tangerang Selatan', 0);
INSERT INTO `tbl_siswa` VALUES (114, '27273206', '3181910111', 'Fitriana Ramadhan', 'P', 'I', 'Jakarta', '2002-12-03', 'Boy Rudolf Naniohy', 'Nurhayati', 'Jl. Duren Villa RT07/02, Pedurenan. Karang Tengah Kota Tangerang', 0);
INSERT INTO `tbl_siswa` VALUES (115, '31874299', '3181910112', 'Gracyla Rizky Erinda', 'P', 'I', 'Jakarta', '2003-08-22', 'Achmad Fauzi', 'Rahayu Sugestiningsih', 'Komp. Departemen Keuangan Jl. Dieng 1 No.7 RT02/06', 0);
INSERT INTO `tbl_siswa` VALUES (116, '31859596', '3181910113', 'Guntur Setiawan', 'L', 'I', 'Jakarta', '2003-02-26', 'Iskandar Goenawan', 'Siti Rahayu', 'Buana Gardenia RT012/04 Pinang, Pinang Kota Tangerang', 0);
INSERT INTO `tbl_siswa` VALUES (117, '39575287', '3181910115', 'Intan Purnama Sari', 'P', 'I', 'Tangerang', '2003-07-13', 'Zakaria Agustono', 'Indrayani', 'Jl. Kihajar Dewantoro Rt.02/03', 0);
INSERT INTO `tbl_siswa` VALUES (118, '31873649', '3181910116', 'Irmayanti', 'P', 'I', 'Tangerang', '2003-01-19', 'Abdul Manaf', 'Tuti Hartati', 'Jl. Raden Saleh RT01/05, Karang Mulya, Karang Tengah', 0);
INSERT INTO `tbl_siswa` VALUES (119, '31873641', '3181910117', 'Kevin Revanvel Tambunan', 'P', 'P', 'Jakarta', '2003-11-10', '', '', '', 0);
INSERT INTO `tbl_siswa` VALUES (120, '25020663', '3181910118', 'Krisna Suci Ayu Patih', 'P', 'I', 'Tangerang', '2002-11-19', 'Untung Supriadi', 'Oky Noular', 'Gg. Dukuh Ii R.002/003 Neroktog Kel. Pinang', 1);
INSERT INTO `tbl_siswa` VALUES (121, '34199073', '3181910119', 'Kusuma Indra Perroana', 'L', 'I', 'Sleman', '2002-09-03', 'Hery Suwanto', 'Maryuni', 'Ji. H. Bakung No. 46 Rt. 04/09 Kel. Karang Timur Tangerang', 0);
INSERT INTO `tbl_siswa` VALUES (122, '33718020', '3181910120', 'Marcella Putri Wulandari', 'P', 'I', 'Tangerang', '2003-07-07', 'Suparlan', 'Sumartini', 'Jl. Inpres V RT03/06 Larangan Utara Larangan Kota Tangerang', 0);
INSERT INTO `tbl_siswa` VALUES (123, '34304684', '3181910121', 'Michaellec Sukmana Leo', 'L', 'P', 'Jakarta', '2003-06-23', 'Djoko Sukmana Leo', 'Desi Ekawati', 'Jl. Kh. Hasym Ashari Kav. DPR', 0);
INSERT INTO `tbl_siswa` VALUES (124, '25319246', '3181910122', 'Michelle Ruth Apriliani', 'P', 'P', 'Jakarta', '2002-04-04', 'Tan Hartono', 'Farida', 'Jl. Umbut Blok H/9 Rt.005/007 Kel. Kelapa Dua Kec. Kb. Jeruk, Jakarta Barat', 0);
INSERT INTO `tbl_siswa` VALUES (125, '37704390', '3181910123', 'Mohammad Rayhan Kwarta Nauval', 'L', 'I', 'Tangerang', '2003-08-06', 'Muhammad Romli Dati', 'Cicih Kadarsih', 'Kav. Darusalam III A Rt.03/08 Kel. Ketapang Kec. Cipondoh Tangerang', 0);
INSERT INTO `tbl_siswa` VALUES (126, '30997540', '3181910124', 'Muhamad Lidansyah Alfaridzky', 'L', 'I', 'Depok', '2003-06-24', 'Ahmad Syaefudin', 'Purnaningsih', 'Jl. H. Bashir Cluster Griya Bunga No. 3 Rt.01/02 Kel. Pondok Kacang Barat', 0);
INSERT INTO `tbl_siswa` VALUES (127, '32922460', '3181910125', 'Muhamad Ravly Akbar', 'L', 'I', 'Tangerang', '2003-03-28', 'Zulfa Hendra', 'Rubiyati', 'Jl. Raden Fatah Rt. 03/07 Kel. Sudimara Selatan Kec. Ciledug', 0);
INSERT INTO `tbl_siswa` VALUES (128, '27650469', '3181910126', 'Muhammad Dwiki Ramadhan', 'L', 'I', 'Tangerang', '2002-11-28', 'Poedjoed', 'Rahayu', 'Pondok Bahar Permai S/44 Rt. 05/06 Kel. Pondok Bahar Kec. Karang Tengah', 0);
INSERT INTO `tbl_siswa` VALUES (129, '31837172', '3181910127', 'Najlaa Khairunnisa', 'P', 'I', 'Tangerang', '2003-06-15', 'Agus Adiyanto', 'Ana Rohati', 'Kp. Dukuh RT. 04/05 Kel. Sudimara Selatan Kec. Ciledug Tangerang', 1);
INSERT INTO `tbl_siswa` VALUES (130, '39662038', '3181910128', 'Oswald Eldi Lanrianna Lande', 'L', 'P', 'Makassar', '2003-10-10', '', 'Thecla Todine', 'Fortune Breeze DS/G No. 6', 0);
INSERT INTO `tbl_siswa` VALUES (131, '31871220', '3181910129', 'Prayoga Riandri Pangestu', 'L', 'I', 'Tangerang', '2003-09-10', 'Muftadir Rizal', 'Siti Masriah', 'Jl. Pondok Serut No. 1B Rt.01:003 Kel. Pakku Jaya Kec. Serpong Tangerang Selatan', 0);
INSERT INTO `tbl_siswa` VALUES (132, '27999703', '3181910130', 'Rama Hata Hutasoit', 'P', 'I', 'Tangerang', '2002-11-04', 'Bitler Hutasoit', 'Nurlaba Nababan', 'Jl. Irigasi Kp. Gunung No. 55 Rt.006/003 Kel. Cipondoh Indah, Kec. Cipondoh', 0);
INSERT INTO `tbl_siswa` VALUES (133, '32184316', '3181910131', 'Ratih Berliana Prawita', 'P', 'I', 'Bengkulu', '2003-11-05', 'Asnawi', 'Misntati', 'Aspol Pusdik Lantas Polri Rt.001/006 Kel. Paku Jaya, Kec. Serpong Utara', 0);
INSERT INTO `tbl_siswa` VALUES (134, '39868077', '3181910158', 'Raden Rara Karina Ratna Pradipta', 'P', 'P', 'Yogyakarta', '2003-05-10', 'Raden Indrakusuma', 'Sri Jayaningsih', 'Jl. Gelatik Buntu No. 2 Rt. 02:04 Wisma Pondok Aren', 0);
INSERT INTO `tbl_siswa` VALUES (135, '24802202', '3181910132', 'Rizqi Lola Olivia', 'L', 'I', 'Pati', '2002-12-13', 'Sujati', 'Sumartini', 'Jl. Inpres VIII No. 60 Rt.002/08 Kel. Larangan Utara, Kec. Larangan', 1);
INSERT INTO `tbl_siswa` VALUES (136, '31513169', '3181910133', 'Salsabila Farah Putri', 'P', 'I', 'Jakarta', '2003-09-09', 'Sudrajat', 'Sri Winarti', 'Jl. Nurul Huda Gg. H. Maun Rt014/4 Kel. Rawa Buaya', 0);
INSERT INTO `tbl_siswa` VALUES (137, '31859802', '3181910134', 'Tesa Lonika Br Perangin-angin', 'P', 'I', 'Tangerang', '2003-01-10', 'Garuda Perangin-Angin', 'Nana Elyana', 'Jl. Sektor VII Sudimara Jaya', 0);
INSERT INTO `tbl_siswa` VALUES (138, '34377223', '3181910135', 'Ulfiana Nur Maskhila', 'P', 'I', 'Tangerang', '2003-04-21', 'Nur Sholich', 'Sunarti Handayani', 'JI. Cakra Buana IV No. 4 Blok K 19 Rt.07/001', 0);
INSERT INTO `tbl_siswa` VALUES (139, '24756250', '3181910136', 'Yolanda Syahrani', 'P', 'I', 'Tangerang', '2002-10-18', 'Muhamad Yusuf', 'Manih Wulandari', 'Jl. Joglo Sayur Asem Kel. Joglo, Kec. Kembangan Jakarta Barat', 0);
INSERT INTO `tbl_siswa` VALUES (140, '33211228', '3181910137', 'Zulfiansyah Bahri', 'L', 'I', 'Jakarta', '2003-09-01', 'Zulfan Bahri', 'Yuliaty Martin', 'Jl. Karyawan 4 No. 3', 0);
INSERT INTO `tbl_siswa` VALUES (141, '34377244', '3192010155', 'Yoga Surya Atmaja', 'L', 'I', 'Jakarta', '2003-08-27', 'Yudi Sopyan', 'Agus Silawati', 'Kunciran Indah Blok K 148 Rt. 06/01', 1);

-- ----------------------------
-- Table structure for tbl_subkriteria
-- ----------------------------
DROP TABLE IF EXISTS `tbl_subkriteria`;
CREATE TABLE `tbl_subkriteria`  (
  `id_kriteria` int(11) NOT NULL,
  `id_subkriteria` int(11) NOT NULL AUTO_INCREMENT,
  `nama_subkriteria` varchar(150) CHARACTER SET latin1 COLLATE latin1_swedish_ci NOT NULL,
  `nilai_subkriteria` float NOT NULL,
  PRIMARY KEY (`id_subkriteria`) USING BTREE,
  INDEX `id_kriteria`(`id_kriteria`) USING BTREE,
  CONSTRAINT `tbl_subkriteria_ibfk_1` FOREIGN KEY (`id_kriteria`) REFERENCES `tbl_kriteria` (`id_kriteria`) ON DELETE CASCADE ON UPDATE CASCADE
) ENGINE = InnoDB AUTO_INCREMENT = 29 CHARACTER SET = latin1 COLLATE = latin1_swedish_ci ROW_FORMAT = Dynamic;

-- ----------------------------
-- Records of tbl_subkriteria
-- ----------------------------
INSERT INTO `tbl_subkriteria` VALUES (1, 1, '86,00 - 100', 4);
INSERT INTO `tbl_subkriteria` VALUES (1, 2, '62,00 - 85,99', 3);
INSERT INTO `tbl_subkriteria` VALUES (1, 3, '38,00 - 61,99', 2);
INSERT INTO `tbl_subkriteria` VALUES (1, 5, '<= 37,99', 1);
INSERT INTO `tbl_subkriteria` VALUES (3, 6, 'A', 4);
INSERT INTO `tbl_subkriteria` VALUES (3, 7, 'B', 3);
INSERT INTO `tbl_subkriteria` VALUES (3, 8, 'C', 2);
INSERT INTO `tbl_subkriteria` VALUES (3, 9, 'D', 1);
INSERT INTO `tbl_subkriteria` VALUES (2, 11, '86%-100%', 4);
INSERT INTO `tbl_subkriteria` VALUES (2, 12, '71%-85%', 3);
INSERT INTO `tbl_subkriteria` VALUES (2, 13, '56%-70%', 2);
INSERT INTO `tbl_subkriteria` VALUES (2, 14, '< 56%', 1);

SET FOREIGN_KEY_CHECKS = 1;
